dut_id,profile,mode,voltage_v,optical_power_w,current_a
PD-001,normal,dark_iv,-5.0,0.0,-8.137212094923155e-10
PD-001,normal,dark_iv,-4.9,0.0,-8.348284696459351e-10
PD-001,normal,dark_iv,-4.8,0.0,-8.084646037358994e-10
PD-001,normal,dark_iv,-4.7,0.0,-7.977120894410532e-10
PD-001,normal,dark_iv,-4.6,0.0,-8.28407099516293e-10
PD-001,normal,dark_iv,-4.5,0.0,-8.478048108611539e-10
PD-001,normal,dark_iv,-4.4,0.0,-8.179516357863504e-10
PD-001,normal,dark_iv,-4.3,0.0,-8.292863884079967e-10
PD-001,normal,dark_iv,-4.2,0.0,-8.169618997523904e-10
PD-001,normal,dark_iv,-4.1,0.0,-8.107836735922786e-10
PD-001,normal,dark_iv,-4.0,0.0,-8.322049634741504e-10
PD-001,normal,dark_iv,-3.9,0.0,-8.527784297737159e-10
PD-001,normal,dark_iv,-3.8,0.0,-8.247988883506809e-10
PD-001,normal,dark_iv,-3.7,0.0,-8.118896091773128e-10
PD-001,normal,dark_iv,-3.6,0.0,-8.187192425794714e-10
PD-001,normal,dark_iv,-3.5,0.0,-8.327214638505623e-10
PD-001,normal,dark_iv,-3.4,0.0,-8.068751192735357e-10
PD-001,normal,dark_iv,-3.3,0.0,-8.040539070158311e-10
PD-001,normal,dark_iv,-3.2,0.0,-8.122025759640225e-10
PD-001,normal,dark_iv,-3.1,0.0,-7.943983074599043e-10
PD-001,normal,dark_iv,-3.0,0.0,-8.076581171217327e-10
PD-001,normal,dark_iv,-2.9,0.0,-8.434851568316615e-10
PD-001,normal,dark_iv,-2.8,0.0,-7.899151732991599e-10
PD-001,normal,dark_iv,-2.7,0.0,-8.268634431913057e-10
PD-001,normal,dark_iv,-2.6,0.0,-8.241316082243698e-10
PD-001,normal,dark_iv,-2.5,0.0,-8.174731823732471e-10
PD-001,normal,dark_iv,-2.4,0.0,-8.29710200648882e-10
PD-001,normal,dark_iv,-2.3,0.0,-8.31747210449399e-10
PD-001,normal,dark_iv,-2.2,0.0,-8.084689263880302e-10
PD-001,normal,dark_iv,-2.1,0.0,-8.108561698387782e-10
PD-001,normal,dark_iv,-2.0,0.0,-8.314869950506538e-10
PD-001,normal,dark_iv,-1.9,0.0,-7.887421748745027e-10
PD-001,normal,dark_iv,-1.8,0.0,-8.12317725277524e-10
PD-001,normal,dark_iv,-1.7,0.0,-7.487305401749506e-10
PD-001,normal,dark_iv,-1.6,0.0,-8.035047391991098e-10
PD-001,normal,dark_iv,-1.5,0.0,-7.857337651003201e-10
PD-001,normal,dark_iv,-1.4,0.0,-8.250515047826027e-10
PD-001,normal,dark_iv,-1.3,0.0,-8.068083537971601e-10
PD-001,normal,dark_iv,-1.2,0.0,-7.847322445429491e-10
PD-001,normal,dark_iv,-1.1,0.0,-8.13532468537508e-10
PD-001,normal,dark_iv,-1.0,0.0,-8.170876694339908e-10
PD-001,normal,dark_iv,-0.9,0.0,-8.290063395012513e-10
PD-001,normal,dark_iv,-0.8,0.0,-7.733762110528806e-10
PD-001,normal,dark_iv,-0.7,0.0,-8.310095761102342e-10
PD-001,normal,dark_iv,-0.6,0.0,-7.921974503496569e-10
PD-001,normal,dark_iv,-0.5,0.0,-8.302064493123692e-10
PD-001,normal,dark_iv,-0.4,0.0,-7.654080505805011e-10
PD-001,normal,dark_iv,-0.3,0.0,-7.940720807113742e-10
PD-001,normal,dark_iv,-0.2,0.0,-7.905563624990071e-10
PD-001,normal,dark_iv,-0.1,0.0,-7.731238264472428e-10
PD-001,normal,light_iv,-5.0,0.001,-0.0005500008510307388
PD-001,normal,light_iv,-4.9,0.001,-0.000550000827033559
PD-001,normal,light_iv,-4.8,0.001,-0.0005500008196130985
PD-001,normal,light_iv,-4.7,0.001,-0.0005500007864693534
PD-001,normal,light_iv,-4.6,0.001,-0.0005500008199449063
PD-001,normal,light_iv,-4.5,0.001,-0.0005500007803233804
PD-001,normal,light_iv,-4.4,0.001,-0.0005500008303450294
PD-001,normal,light_iv,-4.3,0.001,-0.0005500008416455968
PD-001,normal,light_iv,-4.2,0.001,-0.0005500007870012863
PD-001,normal,light_iv,-4.1,0.001,-0.000550000863292428
PD-001,normal,light_iv,-4.0,0.001,-0.0005500008266540177
PD-001,normal,light_iv,-3.9,0.001,-0.0005500008068650471
PD-001,normal,light_iv,-3.8,0.001,-0.000550000797544484
PD-001,normal,light_iv,-3.7,0.001,-0.0005500007937202211
PD-001,normal,light_iv,-3.6,0.001,-0.0005500008234244465
PD-001,normal,light_iv,-3.5,0.001,-0.000550000832867632
PD-001,normal,light_iv,-3.4,0.001,-0.0005500008023417091
PD-001,normal,light_iv,-3.3,0.001,-0.0005500008129240206
PD-001,normal,light_iv,-3.2,0.001,-0.0005500008302353963
PD-001,normal,light_iv,-3.1,0.001,-0.0005500007910595607
PD-001,normal,light_iv,-3.0,0.001,-0.0005500008503605218
PD-001,normal,light_iv,-2.9,0.001,-0.0005500008251473914
PD-001,normal,light_iv,-2.8,0.001,-0.0005500008544862758
PD-001,normal,light_iv,-2.7,0.001,-0.0005500008038411176
PD-001,normal,light_iv,-2.6,0.001,-0.0005500008018844538
PD-001,normal,light_iv,-2.5,0.001,-0.0005500008167663242
PD-001,normal,light_iv,-2.4,0.001,-0.0005500007896259697
PD-001,normal,light_iv,-2.3,0.001,-0.0005500008028317003
PD-001,normal,light_iv,-2.2,0.001,-0.0005500008583470793
PD-001,normal,light_iv,-2.1,0.001,-0.0005500008161400376
PD-001,normal,light_iv,-2.0,0.001,-0.0005500008510458513
PD-001,normal,light_iv,-1.9,0.001,-0.0005500008170584554
PD-001,normal,light_iv,-1.8,0.001,-0.0005500007900946092
PD-001,normal,light_iv,-1.7,0.001,-0.0005500008049276092
PD-001,normal,light_iv,-1.6,0.001,-0.0005500008111242893
PD-001,normal,light_iv,-1.5,0.001,-0.0005500008264475198
PD-001,normal,light_iv,-1.4,0.001,-0.0005500007995310658
PD-001,normal,light_iv,-1.3,0.001,-0.0005500007636465229
PD-001,normal,light_iv,-1.2,0.001,-0.0005500008155325709
PD-001,normal,light_iv,-1.1,0.001,-0.0005500008045023569
PD-001,normal,light_iv,-1.0,0.001,-0.0005500008041161623
PD-001,normal,light_iv,-0.9,0.001,-0.000550000777747091
PD-001,normal,light_iv,-0.8,0.001,-0.0005500008273824393
PD-001,normal,light_iv,-0.7,0.001,-0.0005500007722527001
PD-001,normal,light_iv,-0.6,0.001,-0.0005500007845442157
PD-001,normal,light_iv,-0.5,0.001,-0.0005500007818415121
PD-001,normal,light_iv,-0.4,0.001,-0.0005500008217597032
PD-001,normal,light_iv,-0.3,0.001,-0.0005500008334279385
PD-001,normal,light_iv,-0.2,0.001,-0.000550000824597227
PD-001,normal,light_iv,-0.1,0.001,-0.0005500007233395891
PD-001,normal,repeatability,-2.0,0.001,-0.000550000819399932
PD-001,normal,repeatability,-2.0,0.001,-0.0005500008013806839
PD-001,normal,repeatability,-2.0,0.001,-0.0005500008071362142
PD-001,normal,repeatability,-2.0,0.001,-0.0005500008091482592
PD-001,normal,repeatability,-2.0,0.001,-0.0005500008176242292
PD-001,normal,repeatability,-2.0,0.001,-0.0005500008060843965
PD-001,normal,repeatability,-2.0,0.001,-0.0005500008210031847
PD-001,normal,repeatability,-2.0,0.001,-0.0005500007755551357
PD-001,normal,repeatability,-2.0,0.001,-0.0005500008005357893
PD-001,normal,repeatability,-2.0,0.001,-0.0005500007944137329
PD-002,normal,dark_iv,-5.0,0.0,-8.181373419782116e-10
PD-002,normal,dark_iv,-4.9,0.0,-8.421813636248568e-10
PD-002,normal,dark_iv,-4.8,0.0,-8.322981899171068e-10
PD-002,normal,dark_iv,-4.7,0.0,-8.207215070747042e-10
PD-002,normal,dark_iv,-4.6,0.0,-8.021005312596271e-10
PD-002,normal,dark_iv,-4.5,0.0,-8.336981410537878e-10
PD-002,normal,dark_iv,-4.4,0.0,-8.415445452210059e-10
PD-002,normal,dark_iv,-4.3,0.0,-8.090463878585962e-10
PD-002,normal,dark_iv,-4.2,0.0,-7.987311167911997e-10
PD-002,normal,dark_iv,-4.1,0.0,-7.949489638123529e-10
PD-002,normal,dark_iv,-4.0,0.0,-8.198757079601733e-10
PD-002,normal,dark_iv,-3.9,0.0,-8.280529266113386e-10
PD-002,normal,dark_iv,-3.8,0.0,-8.382175975579036e-10
PD-002,normal,dark_iv,-3.7,0.0,-7.997927446018977e-10
PD-002,normal,dark_iv,-3.6,0.0,-8.458267122331818e-10
PD-002,normal,dark_iv,-3.5,0.0,-8.574162382058904e-10
PD-002,normal,dark_iv,-3.4,0.0,-8.447114937346277e-10
PD-002,normal,dark_iv,-3.3,0.0,-8.14020652876239e-10
PD-002,normal,dark_iv,-3.2,0.0,-8.190491100901408e-10
PD-002,normal,dark_iv,-3.1,0.0,-8.426369208877915e-10
PD-002,normal,dark_iv,-3.0,0.0,-8.650392643813287e-10
PD-002,normal,dark_iv,-2.9,0.0,-8.003678311601518e-10
PD-002,normal,dark_iv,-2.8,0.0,-8.13323610346934e-10
PD-002,normal,dark_iv,-2.7,0.0,-8.495637539352338e-10
PD-002,normal,dark_iv,-2.6,0.0,-7.882296159757163e-10
PD-002,normal,dark_iv,-2.5,0.0,-7.741767565707113e-10
PD-002,normal,dark_iv,-2.4,0.0,-7.94927104680167e-10
PD-002,normal,dark_iv,-2.3,0.0,-7.913060760051623e-10
PD-002,normal,dark_iv,-2.2,0.0,-7.817628030727492e-10
PD-002,normal,dark_iv,-2.1,0.0,-8.05886287373411e-10
PD-002,normal,dark_iv,-2.0,0.0,-8.049831343163901e-10
PD-002,normal,dark_iv,-1.9,0.0,-8.140301124876605e-10
PD-002,normal,dark_iv,-1.8,0.0,-8.066962443074147e-10
PD-002,normal,dark_iv,-1.7,0.0,-7.828019869737464e-10
PD-002,normal,dark_iv,-1.6,0.0,-7.943840857003119e-10
PD-002,normal,dark_iv,-1.5,0.0,-7.761690973649931e-10
PD-002,normal,dark_iv,-1.4,0.0,-8.215038111327904e-10
PD-002,normal,dark_iv,-1.3,0.0,-7.855441740288564e-10
PD-002,normal,dark_iv,-1.2,0.0,-8.184556363952726e-10
PD-002,normal,dark_iv,-1.1,0.0,-8.246539844839127e-10
PD-002,normal,dark_iv,-1.0,0.0,-8.28359018461936e-10
PD-002,normal,dark_iv,-0.9,0.0,-8.133689564348169e-10
PD-002,normal,dark_iv,-0.8,0.0,-8.15424480010157e-10
PD-002,normal,dark_iv,-0.7,0.0,-8.305497237094554e-10
PD-002,normal,dark_iv,-0.6,0.0,-7.892424441381319e-10
PD-002,normal,dark_iv,-0.5,0.0,-7.715032037267667e-10
PD-002,normal,dark_iv,-0.4,0.0,-8.09927748139641e-10
PD-002,normal,dark_iv,-0.3,0.0,-8.183135325898784e-10
PD-002,normal,dark_iv,-0.2,0.0,-8.240347689609551e-10
PD-002,normal,dark_iv,-0.1,0.0,-7.531927781322112e-10
PD-002,normal,light_iv,-5.0,0.001,-0.0005500008184392194
PD-002,normal,light_iv,-4.9,0.001,-0.0005500007851982926
PD-002,normal,light_iv,-4.8,0.001,-0.000550000815078642
PD-002,normal,light_iv,-4.7,0.001,-0.0005500008529001712
PD-002,normal,light_iv,-4.6,0.001,-0.0005500008080925132
PD-002,normal,light_iv,-4.5,0.001,-0.0005500008323428175
PD-002,normal,light_iv,-4.4,0.001,-0.0005500008214722208
PD-002,normal,light_iv,-4.3,0.001,-0.0005500007980325697
PD-002,normal,light_iv,-4.2,0.001,-0.0005500008409643876
PD-002,normal,light_iv,-4.1,0.001,-0.0005500008259602246
PD-002,normal,light_iv,-4.0,0.001,-0.0005500008349147694
PD-002,normal,light_iv,-3.9,0.001,-0.0005500007887377066
PD-002,normal,light_iv,-3.8,0.001,-0.0005500008170073592
PD-002,normal,light_iv,-3.7,0.001,-0.0005500008147599305
PD-002,normal,light_iv,-3.6,0.001,-0.0005500008116398705
PD-002,normal,light_iv,-3.5,0.001,-0.0005500008432495667
PD-002,normal,light_iv,-3.4,0.001,-0.0005500008494941636
PD-002,normal,light_iv,-3.3,0.001,-0.0005500008619359834
PD-002,normal,light_iv,-3.2,0.001,-0.0005500008365329711
PD-002,normal,light_iv,-3.1,0.001,-0.0005500008237378439
PD-002,normal,light_iv,-3.0,0.001,-0.0005500008259570126
PD-002,normal,light_iv,-2.9,0.001,-0.0005500008176832028
PD-002,normal,light_iv,-2.8,0.001,-0.0005500007931382839
PD-002,normal,light_iv,-2.7,0.001,-0.0005500008425640239
PD-002,normal,light_iv,-2.6,0.001,-0.0005500008226727622
PD-002,normal,light_iv,-2.5,0.001,-0.0005500008614891835
PD-002,normal,light_iv,-2.4,0.001,-0.0005500008141264548
PD-002,normal,light_iv,-2.3,0.001,-0.0005500007877403468
PD-002,normal,light_iv,-2.2,0.001,-0.0005500008525557435
PD-002,normal,light_iv,-2.1,0.001,-0.0005500008116151497
PD-002,normal,light_iv,-2.0,0.001,-0.0005500007951199082
PD-002,normal,light_iv,-1.9,0.001,-0.0005500008475076342
PD-002,normal,light_iv,-1.8,0.001,-0.0005500008110521828
PD-002,normal,light_iv,-1.7,0.001,-0.0005500008047426955
PD-002,normal,light_iv,-1.6,0.001,-0.0005500008058089661
PD-002,normal,light_iv,-1.5,0.001,-0.0005500008450737648
PD-002,normal,light_iv,-1.4,0.001,-0.0005500007944654496
PD-002,normal,light_iv,-1.3,0.001,-0.0005500008018242713
PD-002,normal,light_iv,-1.2,0.001,-0.0005500008153942464
PD-002,normal,light_iv,-1.1,0.001,-0.0005500008282368387
PD-002,normal,light_iv,-1.0,0.001,-0.0005500007984515639
PD-002,normal,light_iv,-0.9,0.001,-0.0005500008012131205
PD-002,normal,light_iv,-0.8,0.001,-0.000550000777594129
PD-002,normal,light_iv,-0.7,0.001,-0.0005500007743545359
PD-002,normal,light_iv,-0.6,0.001,-0.0005500007849489933
PD-002,normal,light_iv,-0.5,0.001,-0.0005500008017192817
PD-002,normal,light_iv,-0.4,0.001,-0.000550000815037601
PD-002,normal,light_iv,-0.3,0.001,-0.0005500007705695917
PD-002,normal,light_iv,-0.2,0.001,-0.0005500007978330669
PD-002,normal,light_iv,-0.1,0.001,-0.0005500007347094094
PD-002,normal,repeatability,-2.0,0.001,-0.0005500007953437337
PD-002,normal,repeatability,-2.0,0.001,-0.0005500007825362657
PD-002,normal,repeatability,-2.0,0.001,-0.0005500007667888514
PD-002,normal,repeatability,-2.0,0.001,-0.0005500007711017944
PD-002,normal,repeatability,-2.0,0.001,-0.000550000839333481
PD-002,normal,repeatability,-2.0,0.001,-0.000550000803992865
PD-002,normal,repeatability,-2.0,0.001,-0.0005500008127770048
PD-002,normal,repeatability,-2.0,0.001,-0.0005500007757429257
PD-002,normal,repeatability,-2.0,0.001,-0.0005500008138884457
PD-002,normal,repeatability,-2.0,0.001,-0.0005500007825265995
PD-003,normal,dark_iv,-5.0,0.0,-8.053487633175641e-10
PD-003,normal,dark_iv,-4.9,0.0,-8.164110033511301e-10
PD-003,normal,dark_iv,-4.8,0.0,-8.036094274869426e-10
PD-003,normal,dark_iv,-4.7,0.0,-8.044801770355952e-10
PD-003,normal,dark_iv,-4.6,0.0,-8.425358038688972e-10
PD-003,normal,dark_iv,-4.5,0.0,-8.835348252641276e-10
PD-003,normal,dark_iv,-4.4,0.0,-8.527175590812272e-10
PD-003,normal,dark_iv,-4.3,0.0,-8.434960453270154e-10
PD-003,normal,dark_iv,-4.2,0.0,-8.150597945616074e-10
PD-003,normal,dark_iv,-4.1,0.0,-8.26230910981005e-10
PD-003,normal,dark_iv,-4.0,0.0,-8.278367889191451e-10
PD-003,normal,dark_iv,-3.9,0.0,-8.412435212800833e-10
PD-003,normal,dark_iv,-3.8,0.0,-8.429651093694856e-10
PD-003,normal,dark_iv,-3.7,0.0,-8.279573724730448e-10
PD-003,normal,dark_iv,-3.6,0.0,-8.219767389595827e-10
PD-003,normal,dark_iv,-3.5,0.0,-8.236015832644397e-10
PD-003,normal,dark_iv,-3.4,0.0,-7.948862630372152e-10
PD-003,normal,dark_iv,-3.3,0.0,-8.72865115018393e-10
PD-003,normal,dark_iv,-3.2,0.0,-8.220483985143912e-10
PD-003,normal,dark_iv,-3.1,0.0,-8.15408076035616e-10
PD-003,normal,dark_iv,-3.0,0.0,-7.710179946861436e-10
PD-003,normal,dark_iv,-2.9,0.0,-8.17228088054036e-10
PD-003,normal,dark_iv,-2.8,0.0,-8.366390203338633e-10
PD-003,normal,dark_iv,-2.7,0.0,-8.148868271546666e-10
PD-003,normal,dark_iv,-2.6,0.0,-8.236029782014049e-10
PD-003,normal,dark_iv,-2.5,0.0,-8.08344173889452e-10
PD-003,normal,dark_iv,-2.4,0.0,-8.053983723828847e-10
PD-003,normal,dark_iv,-2.3,0.0,-8.046976826477844e-10
PD-003,normal,dark_iv,-2.2,0.0,-8.108220774446625e-10
PD-003,normal,dark_iv,-2.1,0.0,-7.986202687648958e-10
PD-003,normal,dark_iv,-2.0,0.0,-8.144939222964577e-10
PD-003,normal,dark_iv,-1.9,0.0,-7.997423671270115e-10
PD-003,normal,dark_iv,-1.8,0.0,-7.995332190086615e-10
PD-003,normal,dark_iv,-1.7,0.0,-8.010435233268651e-10
PD-003,normal,dark_iv,-1.6,0.0,-8.006415633961823e-10
PD-003,normal,dark_iv,-1.5,0.0,-7.627550199249109e-10
PD-003,normal,dark_iv,-1.4,0.0,-8.22266974274229e-10
PD-003,normal,dark_iv,-1.3,0.0,-8.017181594959874e-10
PD-003,normal,dark_iv,-1.2,0.0,-7.892187289690115e-10
PD-003,normal,dark_iv,-1.1,0.0,-7.996359858592307e-10
PD-003,normal,dark_iv,-1.0,0.0,-8.103478879883352e-10
PD-003,normal,dark_iv,-0.9,0.0,-8.180529904178425e-10
PD-003,normal,dark_iv,-0.8,0.0,-8.150975944395534e-10
PD-003,normal,dark_iv,-0.7,0.0,-8.007994765570275e-10
PD-003,normal,dark_iv,-0.6,0.0,-7.716260193495809e-10
PD-003,normal,dark_iv,-0.5,0.0,-8.16575581891623e-10
PD-003,normal,dark_iv,-0.4,0.0,-7.753028863940004e-10
PD-003,normal,dark_iv,-0.3,0.0,-7.874384754276119e-10
PD-003,normal,dark_iv,-0.2,0.0,-8.037900779256133e-10
PD-003,normal,dark_iv,-0.1,0.0,-7.356271466062052e-10
PD-003,normal,light_iv,-5.0,0.001,-0.0005500008181720953
PD-003,normal,light_iv,-4.9,0.001,-0.000550000806826316
PD-003,normal,light_iv,-4.8,0.001,-0.000550000812433477
PD-003,normal,light_iv,-4.7,0.001,-0.0005500008161083247
PD-003,normal,light_iv,-4.6,0.001,-0.0005500008282263382
PD-003,normal,light_iv,-4.5,0.001,-0.0005500008196318637
PD-003,normal,light_iv,-4.4,0.001,-0.0005500008229806378
PD-003,normal,light_iv,-4.3,0.001,-0.0005500008778403251
PD-003,normal,light_iv,-4.2,0.001,-0.0005500008531058241
PD-003,normal,light_iv,-4.1,0.001,-0.0005500008341028682
PD-003,normal,light_iv,-4.0,0.001,-0.000550000829990669
PD-003,normal,light_iv,-3.9,0.001,-0.0005500008291402537
PD-003,normal,light_iv,-3.8,0.001,-0.0005500008342093181
PD-003,normal,light_iv,-3.7,0.001,-0.0005500008187314996
PD-003,normal,light_iv,-3.6,0.001,-0.0005500008128765495
PD-003,normal,light_iv,-3.5,0.001,-0.0005500008472611981
PD-003,normal,light_iv,-3.4,0.001,-0.0005500008364809619
PD-003,normal,light_iv,-3.3,0.001,-0.0005500007950244217
PD-003,normal,light_iv,-3.2,0.001,-0.0005500008537129333
PD-003,normal,light_iv,-3.1,0.001,-0.0005500008227536336
PD-003,normal,light_iv,-3.0,0.001,-0.0005500008428573431
PD-003,normal,light_iv,-2.9,0.001,-0.0005500007864245039
PD-003,normal,light_iv,-2.8,0.001,-0.000550000878761183
PD-003,normal,light_iv,-2.7,0.001,-0.0005500007876057271
PD-003,normal,light_iv,-2.6,0.001,-0.0005500008270357081
PD-003,normal,light_iv,-2.5,0.001,-0.0005500008349360626
PD-003,normal,light_iv,-2.4,0.001,-0.0005500008072988065
PD-003,normal,light_iv,-2.3,0.001,-0.0005500008058004856
PD-003,normal,light_iv,-2.2,0.001,-0.0005500008091795672
PD-003,normal,light_iv,-2.1,0.001,-0.0005500007637430952
PD-003,normal,light_iv,-2.0,0.001,-0.0005500008317578473
PD-003,normal,light_iv,-1.9,0.001,-0.0005500008075640018
PD-003,normal,light_iv,-1.8,0.001,-0.0005500008250929268
PD-003,normal,light_iv,-1.7,0.001,-0.0005500008199207048
PD-003,normal,light_iv,-1.6,0.001,-0.0005500008024387372
PD-003,normal,light_iv,-1.5,0.001,-0.0005500008168449106
PD-003,normal,light_iv,-1.4,0.001,-0.0005500007959859107
PD-003,normal,light_iv,-1.3,0.001,-0.000550000820184694
PD-003,normal,light_iv,-1.2,0.001,-0.000550000849861676
PD-003,normal,light_iv,-1.1,0.001,-0.0005500007995796753
PD-003,normal,light_iv,-1.0,0.001,-0.000550000798107485
PD-003,normal,light_iv,-0.9,0.001,-0.0005500008099286288
PD-003,normal,light_iv,-0.8,0.001,-0.0005500007889062076
PD-003,normal,light_iv,-0.7,0.001,-0.0005500007717175577
PD-003,normal,light_iv,-0.6,0.001,-0.0005500008108440641
PD-003,normal,light_iv,-0.5,0.001,-0.0005500008130887104
PD-003,normal,light_iv,-0.4,0.001,-0.0005500008175260401
PD-003,normal,light_iv,-0.3,0.001,-0.000550000817009683
PD-003,normal,light_iv,-0.2,0.001,-0.0005500007937725753
PD-003,normal,light_iv,-0.1,0.001,-0.0005500007283256944
PD-003,normal,repeatability,-2.0,0.001,-0.0005500007766835604
PD-003,normal,repeatability,-2.0,0.001,-0.000550000791507871
PD-003,normal,repeatability,-2.0,0.001,-0.0005500008117941697
PD-003,normal,repeatability,-2.0,0.001,-0.0005500008161840376
PD-003,normal,repeatability,-2.0,0.001,-0.0005500008245414375
PD-003,normal,repeatability,-2.0,0.001,-0.0005500008100994465
PD-003,normal,repeatability,-2.0,0.001,-0.0005500008204756469
PD-003,normal,repeatability,-2.0,0.001,-0.0005500008597731534
PD-003,normal,repeatability,-2.0,0.001,-0.0005500007768660717
PD-003,normal,repeatability,-2.0,0.001,-0.0005500008657062476
PD-004,normal,dark_iv,-5.0,0.0,-7.892952214179344e-10
PD-004,normal,dark_iv,-4.9,0.0,-8.000741565533657e-10
PD-004,normal,dark_iv,-4.8,0.0,-8.18622508155097e-10
PD-004,normal,dark_iv,-4.7,0.0,-8.099717475883015e-10
PD-004,normal,dark_iv,-4.6,0.0,-7.952486961202677e-10
PD-004,normal,dark_iv,-4.5,0.0,-8.443268262945312e-10
PD-004,normal,dark_iv,-4.4,0.0,-8.365155790129267e-10
PD-004,normal,dark_iv,-4.3,0.0,-8.064764566462681e-10
PD-004,normal,dark_iv,-4.2,0.0,-8.019328244949651e-10
PD-004,normal,dark_iv,-4.1,0.0,-8.142003854349221e-10
PD-004,normal,dark_iv,-4.0,0.0,-8.136215843339049e-10
PD-004,normal,dark_iv,-3.9,0.0,-7.953254981827808e-10
PD-004,normal,dark_iv,-3.8,0.0,-7.885031487108668e-10
PD-004,normal,dark_iv,-3.7,0.0,-7.842849907074849e-10
PD-004,normal,dark_iv,-3.6,0.0,-8.261774402879427e-10
PD-004,normal,dark_iv,-3.5,0.0,-8.393403088132683e-10
PD-004,normal,dark_iv,-3.4,0.0,-8.041114876851181e-10
PD-004,normal,dark_iv,-3.3,0.0,-8.007039748201205e-10
PD-004,normal,dark_iv,-3.2,0.0,-8.443867309028481e-10
PD-004,normal,dark_iv,-3.1,0.0,-8.020306700970669e-10
PD-004,normal,dark_iv,-3.0,0.0,-8.165220125475165e-10
PD-004,normal,dark_iv,-2.9,0.0,-8.226600235780798e-10
PD-004,normal,dark_iv,-2.8,0.0,-8.233378571976517e-10
PD-004,normal,dark_iv,-2.7,0.0,-7.909053349679025e-10
PD-004,normal,dark_iv,-2.6,0.0,-8.037402693248195e-10
PD-004,normal,dark_iv,-2.5,0.0,-7.732531898719543e-10
PD-004,normal,dark_iv,-2.4,0.0,-8.294027119591681e-10
PD-004,normal,dark_iv,-2.3,0.0,-8.2804490439705e-10
PD-004,normal,dark_iv,-2.2,0.0,-7.948603874742812e-10
PD-004,normal,dark_iv,-2.1,0.0,-8.06272035966341e-10
PD-004,normal,dark_iv,-2.0,0.0,-8.233532811313494e-10
PD-004,normal,dark_iv,-1.9,0.0,-7.908653644452372e-10
PD-004,normal,dark_iv,-1.8,0.0,-7.726490934990544e-10
PD-004,normal,dark_iv,-1.7,0.0,-8.252522950402024e-10
PD-004,normal,dark_iv,-1.6,0.0,-8.269304799094371e-10
PD-004,normal,dark_iv,-1.5,0.0,-7.735801761112297e-10
PD-004,normal,dark_iv,-1.4,0.0,-8.497032861323414e-10
PD-004,normal,dark_iv,-1.3,0.0,-8.146691014443286e-10
PD-004,normal,dark_iv,-1.2,0.0,-8.075131328129486e-10
PD-004,normal,dark_iv,-1.1,0.0,-7.637018427760263e-10
PD-004,normal,dark_iv,-1.0,0.0,-8.119433190209046e-10
PD-004,normal,dark_iv,-0.9,0.0,-8.547075617460088e-10
PD-004,normal,dark_iv,-0.8,0.0,-8.256706388399994e-10
PD-004,normal,dark_iv,-0.7,0.0,-7.949022942939538e-10
PD-004,normal,dark_iv,-0.6,0.0,-8.283277428732056e-10
PD-004,normal,dark_iv,-0.5,0.0,-7.621458909562302e-10
PD-004,normal,dark_iv,-0.4,0.0,-8.164725862902258e-10
PD-004,normal,dark_iv,-0.3,0.0,-8.127740298066078e-10
PD-004,normal,dark_iv,-0.2,0.0,-7.97007191660297e-10
PD-004,normal,dark_iv,-0.1,0.0,-7.412522101813401e-10
PD-004,normal,light_iv,-5.0,0.001,-0.0005500008128722718
PD-004,normal,light_iv,-4.9,0.001,-0.0005500008118732665
PD-004,normal,light_iv,-4.8,0.001,-0.0005500008172053869
PD-004,normal,light_iv,-4.7,0.001,-0.0005500008546490353
PD-004,normal,light_iv,-4.6,0.001,-0.0005500007990254054
PD-004,normal,light_iv,-4.5,0.001,-0.0005500007868397026
PD-004,normal,light_iv,-4.4,0.001,-0.0005500008066435563
PD-004,normal,light_iv,-4.3,0.001,-0.000550000815325013
PD-004,normal,light_iv,-4.2,0.001,-0.0005500008248808634
PD-004,normal,light_iv,-4.1,0.001,-0.0005500008574879726
PD-004,normal,light_iv,-4.0,0.001,-0.0005500008213437172
PD-004,normal,light_iv,-3.9,0.001,-0.0005500007788864175
PD-004,normal,light_iv,-3.8,0.001,-0.0005500007814330415
PD-004,normal,light_iv,-3.7,0.001,-0.0005500007995189732
PD-004,normal,light_iv,-3.6,0.001,-0.0005500008042555581
PD-004,normal,light_iv,-3.5,0.001,-0.0005500008160989662
PD-004,normal,light_iv,-3.4,0.001,-0.0005500008310759261
PD-004,normal,light_iv,-3.3,0.001,-0.0005500008374638032
PD-004,normal,light_iv,-3.2,0.001,-0.0005500008663034746
PD-004,normal,light_iv,-3.1,0.001,-0.0005500007843908162
PD-004,normal,light_iv,-3.0,0.001,-0.0005500008049905454
PD-004,normal,light_iv,-2.9,0.001,-0.00055000084005432
PD-004,normal,light_iv,-2.8,0.001,-0.0005500008406554976
PD-004,normal,light_iv,-2.7,0.001,-0.0005500008338222191
PD-004,normal,light_iv,-2.6,0.001,-0.00055000081871476
PD-004,normal,light_iv,-2.5,0.001,-0.0005500008186892025
PD-004,normal,light_iv,-2.4,0.001,-0.0005500007998545419
PD-004,normal,light_iv,-2.3,0.001,-0.0005500008294288071
PD-004,normal,light_iv,-2.2,0.001,-0.0005500008036937114
PD-004,normal,light_iv,-2.1,0.001,-0.0005500008399801625
PD-004,normal,light_iv,-2.0,0.001,-0.0005500007939484156
PD-004,normal,light_iv,-1.9,0.001,-0.0005500008072312099
PD-004,normal,light_iv,-1.8,0.001,-0.000550000810153184
PD-004,normal,light_iv,-1.7,0.001,-0.0005500007993633719
PD-004,normal,light_iv,-1.6,0.001,-0.0005500008043576053
PD-004,normal,light_iv,-1.5,0.001,-0.0005500007982636242
PD-004,normal,light_iv,-1.4,0.001,-0.0005500008216603437
PD-004,normal,light_iv,-1.3,0.001,-0.0005500008085944631
PD-004,normal,light_iv,-1.2,0.001,-0.0005500007785274135
PD-004,normal,light_iv,-1.1,0.001,-0.000550000803689383
PD-004,normal,light_iv,-1.0,0.001,-0.0005500008305065805
PD-004,normal,light_iv,-0.9,0.001,-0.00055000079659875
PD-004,normal,light_iv,-0.8,0.001,-0.0005500007344592638
PD-004,normal,light_iv,-0.7,0.001,-0.000550000810143289
PD-004,normal,light_iv,-0.6,0.001,-0.0005500008098770122
PD-004,normal,light_iv,-0.5,0.001,-0.0005500008042081719
PD-004,normal,light_iv,-0.4,0.001,-0.0005500007817127462
PD-004,normal,light_iv,-0.3,0.001,-0.0005500007741740467
PD-004,normal,light_iv,-0.2,0.001,-0.000550000797511352
PD-004,normal,light_iv,-0.1,0.001,-0.0005500007394469846
PD-004,normal,repeatability,-2.0,0.001,-0.0005500007673996537
PD-004,normal,repeatability,-2.0,0.001,-0.0005500008200173704
PD-004,normal,repeatability,-2.0,0.001,-0.0005500008289358402
PD-004,normal,repeatability,-2.0,0.001,-0.000550000810594092
PD-004,normal,repeatability,-2.0,0.001,-0.0005500007693272395
PD-004,normal,repeatability,-2.0,0.001,-0.0005500008379203078
PD-004,normal,repeatability,-2.0,0.001,-0.0005500008077655779
PD-004,normal,repeatability,-2.0,0.001,-0.000550000835519699
PD-004,normal,repeatability,-2.0,0.001,-0.0005500008178229459
PD-004,normal,repeatability,-2.0,0.001,-0.0005500008165485939
PD-005,normal,dark_iv,-5.0,0.0,-8.487084426024301e-10
PD-005,normal,dark_iv,-4.9,0.0,-8.098154470140765e-10
PD-005,normal,dark_iv,-4.8,0.0,-8.369647400348775e-10
PD-005,normal,dark_iv,-4.7,0.0,-8.460837074743313e-10
PD-005,normal,dark_iv,-4.6,0.0,-8.069160289735956e-10
PD-005,normal,dark_iv,-4.5,0.0,-8.512344096155543e-10
PD-005,normal,dark_iv,-4.4,0.0,-8.226586810278392e-10
PD-005,normal,dark_iv,-4.3,0.0,-8.497528552072807e-10
PD-005,normal,dark_iv,-4.2,0.0,-8.107646865370464e-10
PD-005,normal,dark_iv,-4.1,0.0,-8.428576274546787e-10
PD-005,normal,dark_iv,-4.0,0.0,-8.094845076752246e-10
PD-005,normal,dark_iv,-3.9,0.0,-7.924173205084226e-10
PD-005,normal,dark_iv,-3.8,0.0,-7.893536442758643e-10
PD-005,normal,dark_iv,-3.7,0.0,-8.064462187547823e-10
PD-005,normal,dark_iv,-3.6,0.0,-8.105564242689219e-10
PD-005,normal,dark_iv,-3.5,0.0,-8.052660496792391e-10
PD-005,normal,dark_iv,-3.4,0.0,-8.149789576640769e-10
PD-005,normal,dark_iv,-3.3,0.0,-8.252231476475911e-10
PD-005,normal,dark_iv,-3.2,0.0,-8.379324475506235e-10
PD-005,normal,dark_iv,-3.1,0.0,-7.8399018790418e-10
PD-005,normal,dark_iv,-3.0,0.0,-8.363730905219312e-10
PD-005,normal,dark_iv,-2.9,0.0,-8.10760503627545e-10
PD-005,normal,dark_iv,-2.8,0.0,-8.480864867545304e-10
PD-005,normal,dark_iv,-2.7,0.0,-8.05528891846061e-10
PD-005,normal,dark_iv,-2.6,0.0,-7.929134584944642e-10
PD-005,normal,dark_iv,-2.5,0.0,-7.997516989929076e-10
PD-005,normal,dark_iv,-2.4,0.0,-8.231717851917308e-10
PD-005,normal,dark_iv,-2.3,0.0,-7.890098000825319e-10
PD-005,normal,dark_iv,-2.2,0.0,-7.772620234638651e-10
PD-005,normal,dark_iv,-2.1,0.0,-8.332708670971991e-10
PD-005,normal,dark_iv,-2.0,0.0,-8.22664729722228e-10
PD-005,normal,dark_iv,-1.9,0.0,-8.201020991001798e-10
PD-005,normal,dark_iv,-1.8,0.0,-8.387285643862855e-10
PD-005,normal,dark_iv,-1.7,0.0,-7.801590504239208e-10
PD-005,normal,dark_iv,-1.6,0.0,-7.852462188083127e-10
PD-005,normal,dark_iv,-1.5,0.0,-7.844361192296375e-10
PD-005,normal,dark_iv,-1.4,0.0,-7.899428668923762e-10
PD-005,normal,dark_iv,-1.3,0.0,-8.248763859035514e-10
PD-005,normal,dark_iv,-1.2,0.0,-7.911940411084888e-10
PD-005,normal,dark_iv,-1.1,0.0,-7.949685750293965e-10
PD-005,normal,dark_iv,-1.0,0.0,-8.427688768809658e-10
PD-005,normal,dark_iv,-0.9,0.0,-7.927562204777914e-10
PD-005,normal,dark_iv,-0.8,0.0,-8.131119362230571e-10
PD-005,normal,dark_iv,-0.7,0.0,-7.909368723245019e-10
PD-005,normal,dark_iv,-0.6,0.0,-8.131494017163415e-10
PD-005,normal,dark_iv,-0.5,0.0,-8.044039098331852e-10
PD-005,normal,dark_iv,-0.4,0.0,-7.990069333010734e-10
PD-005,normal,dark_iv,-0.3,0.0,-8.005527963777331e-10
PD-005,normal,dark_iv,-0.2,0.0,-8.188240945461197e-10
PD-005,normal,dark_iv,-0.1,0.0,-7.197062230371944e-10
PD-005,normal,light_iv,-5.0,0.001,-0.000550000824365822
PD-005,normal,light_iv,-4.9,0.001,-0.0005500008276907928
PD-005,normal,light_iv,-4.8,0.001,-0.0005500007926504794
PD-005,normal,light_iv,-4.7,0.001,-0.0005500008395467724
PD-005,normal,light_iv,-4.6,0.001,-0.0005500008417639319
PD-005,normal,light_iv,-4.5,0.001,-0.000550000819127812
PD-005,normal,light_iv,-4.4,0.001,-0.0005500008406839829
PD-005,normal,light_iv,-4.3,0.001,-0.0005500008377551134
PD-005,normal,light_iv,-4.2,0.001,-0.0005500008168462885
PD-005,normal,light_iv,-4.1,0.001,-0.0005500008515841664
PD-005,normal,light_iv,-4.0,0.001,-0.0005500008092792031
PD-005,normal,light_iv,-3.9,0.001,-0.0005500008035626657
PD-005,normal,light_iv,-3.8,0.001,-0.0005500008314400541
PD-005,normal,light_iv,-3.7,0.001,-0.0005500008327742164
PD-005,normal,light_iv,-3.6,0.001,-0.0005500008073330632
PD-005,normal,light_iv,-3.5,0.001,-0.0005500008284351351
PD-005,normal,light_iv,-3.4,0.001,-0.0005500008421217776
PD-005,normal,light_iv,-3.3,0.001,-0.0005500008016141632
PD-005,normal,light_iv,-3.2,0.001,-0.000550000772628885
PD-005,normal,light_iv,-3.1,0.001,-0.0005500008315309531
PD-005,normal,light_iv,-3.0,0.001,-0.0005500008272511886
PD-005,normal,light_iv,-2.9,0.001,-0.0005500007892638703
PD-005,normal,light_iv,-2.8,0.001,-0.0005500008294550122
PD-005,normal,light_iv,-2.7,0.001,-0.0005500008107576301
PD-005,normal,light_iv,-2.6,0.001,-0.0005500008214066832
PD-005,normal,light_iv,-2.5,0.001,-0.0005500008058759993
PD-005,normal,light_iv,-2.4,0.001,-0.0005500008368819787
PD-005,normal,light_iv,-2.3,0.001,-0.0005500008059841852
PD-005,normal,light_iv,-2.2,0.001,-0.0005500008240048727
PD-005,normal,light_iv,-2.1,0.001,-0.0005500007891262332
PD-005,normal,light_iv,-2.0,0.001,-0.0005500008142023424
PD-005,normal,light_iv,-1.9,0.001,-0.0005500008109996881
PD-005,normal,light_iv,-1.8,0.001,-0.0005500008004895402
PD-005,normal,light_iv,-1.7,0.001,-0.0005500008049527884
PD-005,normal,light_iv,-1.6,0.001,-0.0005500008165439089
PD-005,normal,light_iv,-1.5,0.001,-0.0005500008036237853
PD-005,normal,light_iv,-1.4,0.001,-0.0005500008448239417
PD-005,normal,light_iv,-1.3,0.001,-0.0005500007968549663
PD-005,normal,light_iv,-1.2,0.001,-0.0005500007825978571
PD-005,normal,light_iv,-1.1,0.001,-0.0005500008352163995
PD-005,normal,light_iv,-1.0,0.001,-0.0005500008253489177
PD-005,normal,light_iv,-0.9,0.001,-0.0005500008233274785
PD-005,normal,light_iv,-0.8,0.001,-0.0005500008113004627
PD-005,normal,light_iv,-0.7,0.001,-0.0005500008018514698
PD-005,normal,light_iv,-0.6,0.001,-0.0005500007796012909
PD-005,normal,light_iv,-0.5,0.001,-0.0005500007741736699
PD-005,normal,light_iv,-0.4,0.001,-0.0005500007873357114
PD-005,normal,light_iv,-0.3,0.001,-0.0005500007936909576
PD-005,normal,light_iv,-0.2,0.001,-0.000550000803567738
PD-005,normal,light_iv,-0.1,0.001,-0.0005500007427268065
PD-005,normal,repeatability,-2.0,0.001,-0.0005500008046749727
PD-005,normal,repeatability,-2.0,0.001,-0.000550000822228933
PD-005,normal,repeatability,-2.0,0.001,-0.0005500008464902128
PD-005,normal,repeatability,-2.0,0.001,-0.0005500008215746826
PD-005,normal,repeatability,-2.0,0.001,-0.0005500008315290512
PD-005,normal,repeatability,-2.0,0.001,-0.0005500008220078813
PD-005,normal,repeatability,-2.0,0.001,-0.0005500008012980247
PD-005,normal,repeatability,-2.0,0.001,-0.0005500008265825174
PD-005,normal,repeatability,-2.0,0.001,-0.0005500008116457179
PD-005,normal,repeatability,-2.0,0.001,-0.0005500007972944195
PD-006,normal,dark_iv,-5.0,0.0,-8.44615627243032e-10
PD-006,normal,dark_iv,-4.9,0.0,-8.486170020200875e-10
PD-006,normal,dark_iv,-4.8,0.0,-8.249927906078786e-10
PD-006,normal,dark_iv,-4.7,0.0,-8.327564329743786e-10
PD-006,normal,dark_iv,-4.6,0.0,-8.248494914890038e-10
PD-006,normal,dark_iv,-4.5,0.0,-8.192889853303388e-10
PD-006,normal,dark_iv,-4.4,0.0,-8.357621337095135e-10
PD-006,normal,dark_iv,-4.3,0.0,-8.120493133674046e-10
PD-006,normal,dark_iv,-4.2,0.0,-8.505133380176179e-10
PD-006,normal,dark_iv,-4.1,0.0,-8.320446191328974e-10
PD-006,normal,dark_iv,-4.0,0.0,-8.161290854589437e-10
PD-006,normal,dark_iv,-3.9,0.0,-8.134576559672902e-10
PD-006,normal,dark_iv,-3.8,0.0,-8.103431165705036e-10
PD-006,normal,dark_iv,-3.7,0.0,-8.059874978874271e-10
PD-006,normal,dark_iv,-3.6,0.0,-7.856965993163671e-10
PD-006,normal,dark_iv,-3.5,0.0,-8.149168270110523e-10
PD-006,normal,dark_iv,-3.4,0.0,-8.477817878045144e-10
PD-006,normal,dark_iv,-3.3,0.0,-8.079187073693436e-10
PD-006,normal,dark_iv,-3.2,0.0,-8.369661870958943e-10
PD-006,normal,dark_iv,-3.1,0.0,-8.142531507107845e-10
PD-006,normal,dark_iv,-3.0,0.0,-8.056192433663913e-10
PD-006,normal,dark_iv,-2.9,0.0,-8.29109027950842e-10
PD-006,normal,dark_iv,-2.8,0.0,-8.143477102455863e-10
PD-006,normal,dark_iv,-2.7,0.0,-7.967003505917718e-10
PD-006,normal,dark_iv,-2.6,0.0,-8.094992236335356e-10
PD-006,normal,dark_iv,-2.5,0.0,-8.293449673889891e-10
PD-006,normal,dark_iv,-2.4,0.0,-8.053694933184599e-10
PD-006,normal,dark_iv,-2.3,0.0,-8.025259853816756e-10
PD-006,normal,dark_iv,-2.2,0.0,-7.930478058694574e-10
PD-006,normal,dark_iv,-2.1,0.0,-8.093587516310908e-10
PD-006,normal,dark_iv,-2.0,0.0,-7.867924205208964e-10
PD-006,normal,dark_iv,-1.9,0.0,-7.781488999697951e-10
PD-006,normal,dark_iv,-1.8,0.0,-8.02513415339913e-10
PD-006,normal,dark_iv,-1.7,0.0,-7.838705786527922e-10
PD-006,normal,dark_iv,-1.6,0.0,-8.286262413294885e-10
PD-006,normal,dark_iv,-1.5,0.0,-8.338346349221374e-10
PD-006,normal,dark_iv,-1.4,0.0,-8.180192024571046e-10
PD-006,normal,dark_iv,-1.3,0.0,-8.164574042630413e-10
PD-006,normal,dark_iv,-1.2,0.0,-7.98288191118028e-10
PD-006,normal,dark_iv,-1.1,0.0,-7.94869634542082e-10
PD-006,normal,dark_iv,-1.0,0.0,-8.377663243858901e-10
PD-006,normal,dark_iv,-0.9,0.0,-8.031787716025084e-10
PD-006,normal,dark_iv,-0.8,0.0,-8.047418093447592e-10
PD-006,normal,dark_iv,-0.7,0.0,-7.987702340769187e-10
PD-006,normal,dark_iv,-0.6,0.0,-8.077155562136807e-10
PD-006,normal,dark_iv,-0.5,0.0,-8.688254129565469e-10
PD-006,normal,dark_iv,-0.4,0.0,-7.726966172460907e-10
PD-006,normal,dark_iv,-0.3,0.0,-8.050374133613365e-10
PD-006,normal,dark_iv,-0.2,0.0,-7.930025982452607e-10
PD-006,normal,dark_iv,-0.1,0.0,-7.367902361016041e-10
PD-006,normal,light_iv,-5.0,0.001,-0.0005500008217958093
PD-006,normal,light_iv,-4.9,0.001,-0.0005500008115320612
PD-006,normal,light_iv,-4.8,0.001,-0.0005500007827581028
PD-006,normal,light_iv,-4.7,0.001,-0.0005500008275456316
PD-006,normal,light_iv,-4.6,0.001,-0.000550000831254245
PD-006,normal,light_iv,-4.5,0.001,-0.0005500008131384105
PD-006,normal,light_iv,-4.4,0.001,-0.0005500008474739048
PD-006,normal,light_iv,-4.3,0.001,-0.0005500008132315024
PD-006,normal,light_iv,-4.2,0.001,-0.0005500008382117052
PD-006,normal,light_iv,-4.1,0.001,-0.0005500008501973212
PD-006,normal,light_iv,-4.0,0.001,-0.000550000817761832
PD-006,normal,light_iv,-3.9,0.001,-0.0005500008354584768
PD-006,normal,light_iv,-3.8,0.001,-0.0005500008318388455
PD-006,normal,light_iv,-3.7,0.001,-0.000550000837355245
PD-006,normal,light_iv,-3.6,0.001,-0.0005500007618282765
PD-006,normal,light_iv,-3.5,0.001,-0.0005500008212755046
PD-006,normal,light_iv,-3.4,0.001,-0.0005500008311844675
PD-006,normal,light_iv,-3.3,0.001,-0.0005500008262448853
PD-006,normal,light_iv,-3.2,0.001,-0.0005500008293679778
PD-006,normal,light_iv,-3.1,0.001,-0.0005500008257729016
PD-006,normal,light_iv,-3.0,0.001,-0.0005500007807510794
PD-006,normal,light_iv,-2.9,0.001,-0.0005500008023022919
PD-006,normal,light_iv,-2.8,0.001,-0.0005500008239301725
PD-006,normal,light_iv,-2.7,0.001,-0.00055000080915226
PD-006,normal,light_iv,-2.6,0.001,-0.0005500008050191989
PD-006,normal,light_iv,-2.5,0.001,-0.0005500008000337563
PD-006,normal,light_iv,-2.4,0.001,-0.0005500007961824408
PD-006,normal,light_iv,-2.3,0.001,-0.0005500008254782463
PD-006,normal,light_iv,-2.2,0.001,-0.0005500008038103386
PD-006,normal,light_iv,-2.1,0.001,-0.0005500008252329512
PD-006,normal,light_iv,-2.0,0.001,-0.0005500008428085265
PD-006,normal,light_iv,-1.9,0.001,-0.0005500008226185006
PD-006,normal,light_iv,-1.8,0.001,-0.0005500008225711143
PD-006,normal,light_iv,-1.7,0.001,-0.0005500008186490119
PD-006,normal,light_iv,-1.6,0.001,-0.000550000788489385
PD-006,normal,light_iv,-1.5,0.001,-0.0005500007911509916
PD-006,normal,light_iv,-1.4,0.001,-0.0005500007796490183
PD-006,normal,light_iv,-1.3,0.001,-0.0005500008001498475
PD-006,normal,light_iv,-1.2,0.001,-0.0005500008082696171
PD-006,normal,light_iv,-1.1,0.001,-0.0005500008080192052
PD-006,normal,light_iv,-1.0,0.001,-0.0005500008018603451
PD-006,normal,light_iv,-0.9,0.001,-0.0005500007965243924
PD-006,normal,light_iv,-0.8,0.001,-0.000550000817003836
PD-006,normal,light_iv,-0.7,0.001,-0.0005500008200733671
PD-006,normal,light_iv,-0.6,0.001,-0.0005500008142665022
PD-006,normal,light_iv,-0.5,0.001,-0.000550000777241807
PD-006,normal,light_iv,-0.4,0.001,-0.0005500008154973717
PD-006,normal,light_iv,-0.3,0.001,-0.0005500008103717385
PD-006,normal,light_iv,-0.2,0.001,-0.0005500008259894328
PD-006,normal,light_iv,-0.1,0.001,-0.0005500007354040524
PD-006,normal,repeatability,-2.0,0.001,-0.0005500008359943043
PD-006,normal,repeatability,-2.0,0.001,-0.0005500007562685165
PD-006,normal,repeatability,-2.0,0.001,-0.000550000815698682
PD-006,normal,repeatability,-2.0,0.001,-0.0005500007978874167
PD-006,normal,repeatability,-2.0,0.001,-0.0005500008199531833
PD-006,normal,repeatability,-2.0,0.001,-0.0005500008116439791
PD-006,normal,repeatability,-2.0,0.001,-0.000550000790032569
PD-006,normal,repeatability,-2.0,0.001,-0.0005500007957494788
PD-006,normal,repeatability,-2.0,0.001,-0.0005500008120717348
PD-006,normal,repeatability,-2.0,0.001,-0.0005500008132407287
PD-007,normal,dark_iv,-5.0,0.0,-8.408308943909313e-10
PD-007,normal,dark_iv,-4.9,0.0,-8.503315551211883e-10
PD-007,normal,dark_iv,-4.8,0.0,-7.862380097439713e-10
PD-007,normal,dark_iv,-4.7,0.0,-8.37892397813582e-10
PD-007,normal,dark_iv,-4.6,0.0,-8.046013932205129e-10
PD-007,normal,dark_iv,-4.5,0.0,-8.075613324136748e-10
PD-007,normal,dark_iv,-4.4,0.0,-8.041763048870731e-10
PD-007,normal,dark_iv,-4.3,0.0,-8.413864753367438e-10
PD-007,normal,dark_iv,-4.2,0.0,-8.352969000844227e-10
PD-007,normal,dark_iv,-4.1,0.0,-8.43626672698586e-10
PD-007,normal,dark_iv,-4.0,0.0,-8.225694130941526e-10
PD-007,normal,dark_iv,-3.9,0.0,-8.46922625204591e-10
PD-007,normal,dark_iv,-3.8,0.0,-8.184643355566344e-10
PD-007,normal,dark_iv,-3.7,0.0,-8.061814074328625e-10
PD-007,normal,dark_iv,-3.6,0.0,-8.21368931104836e-10
PD-007,normal,dark_iv,-3.5,0.0,-7.891699359240292e-10
PD-007,normal,dark_iv,-3.4,0.0,-8.085508136434806e-10
PD-007,normal,dark_iv,-3.3,0.0,-8.43684015117502e-10
PD-007,normal,dark_iv,-3.2,0.0,-8.36007846595571e-10
PD-007,normal,dark_iv,-3.1,0.0,-8.193926955224782e-10
PD-007,normal,dark_iv,-3.0,0.0,-7.990171940375836e-10
PD-007,normal,dark_iv,-2.9,0.0,-7.979244817231268e-10
PD-007,normal,dark_iv,-2.8,0.0,-8.096789592312666e-10
PD-007,normal,dark_iv,-2.7,0.0,-8.254280069561419e-10
PD-007,normal,dark_iv,-2.6,0.0,-8.396596839363677e-10
PD-007,normal,dark_iv,-2.5,0.0,-8.085212649906983e-10
PD-007,normal,dark_iv,-2.4,0.0,-8.300980871764033e-10
PD-007,normal,dark_iv,-2.3,0.0,-8.500289184378865e-10
PD-007,normal,dark_iv,-2.2,0.0,-8.159314706699198e-10
PD-007,normal,dark_iv,-2.1,0.0,-8.098500070291131e-10
PD-007,normal,dark_iv,-2.0,0.0,-8.043931704419408e-10
PD-007,normal,dark_iv,-1.9,0.0,-8.06616761757593e-10
PD-007,normal,dark_iv,-1.8,0.0,-7.915033899873334e-10
PD-007,normal,dark_iv,-1.7,0.0,-8.057559010236415e-10
PD-007,normal,dark_iv,-1.6,0.0,-7.933228723119882e-10
PD-007,normal,dark_iv,-1.5,0.0,-8.124942098520982e-10
PD-007,normal,dark_iv,-1.4,0.0,-7.471500248320619e-10
PD-007,normal,dark_iv,-1.3,0.0,-8.48208651276882e-10
PD-007,normal,dark_iv,-1.2,0.0,-8.311425060201615e-10
PD-007,normal,dark_iv,-1.1,0.0,-7.967972628206171e-10
PD-007,normal,dark_iv,-1.0,0.0,-8.131448014567743e-10
PD-007,normal,dark_iv,-0.9,0.0,-8.30819465691016e-10
PD-007,normal,dark_iv,-0.8,0.0,-7.792554775855862e-10
PD-007,normal,dark_iv,-0.7,0.0,-7.948498492912372e-10
PD-007,normal,dark_iv,-0.6,0.0,-7.97364468263334e-10
PD-007,normal,dark_iv,-0.5,0.0,-7.767241278626685e-10
PD-007,normal,dark_iv,-0.4,0.0,-7.989676455567198e-10
PD-007,normal,dark_iv,-0.3,0.0,-8.034472596351218e-10
PD-007,normal,dark_iv,-0.2,0.0,-7.812531393642117e-10
PD-007,normal,dark_iv,-0.1,0.0,-7.296102508636842e-10
PD-007,normal,light_iv,-5.0,0.001,-0.0005500008232550734
PD-007,normal,light_iv,-4.9,0.001,-0.0005500008146457529
PD-007,normal,light_iv,-4.8,0.001,-0.000550000809196226
PD-007,normal,light_iv,-4.7,0.001,-0.0005500007978929298
PD-007,normal,light_iv,-4.6,0.001,-0.0005500008003164288
PD-007,normal,light_iv,-4.5,0.001,-0.0005500008538046874
PD-007,normal,light_iv,-4.4,0.001,-0.0005500008151298263
PD-007,normal,light_iv,-4.3,0.001,-0.0005500008216982496
PD-007,normal,light_iv,-4.2,0.001,-0.0005500008351524905
PD-007,normal,light_iv,-4.1,0.001,-0.0005500008067467479
PD-007,normal,light_iv,-4.0,0.001,-0.0005500008519137395
PD-007,normal,light_iv,-3.9,0.001,-0.0005500008285973939
PD-007,normal,light_iv,-3.8,0.001,-0.0005500008315486195
PD-007,normal,light_iv,-3.7,0.001,-0.0005500008142172553
PD-007,normal,light_iv,-3.6,0.001,-0.0005500008397967991
PD-007,normal,light_iv,-3.5,0.001,-0.0005500007982039314
PD-007,normal,light_iv,-3.4,0.001,-0.0005500008322616152
PD-007,normal,light_iv,-3.3,0.001,-0.0005500008326504702
PD-007,normal,light_iv,-3.2,0.001,-0.0005500008284071119
PD-007,normal,light_iv,-3.1,0.001,-0.0005500008134593372
PD-007,normal,light_iv,-3.0,0.001,-0.0005500007843807922
PD-007,normal,light_iv,-2.9,0.001,-0.0005500008205224315
PD-007,normal,light_iv,-2.8,0.001,-0.0005500008209819132
PD-007,normal,light_iv,-2.7,0.001,-0.0005500008204802282
PD-007,normal,light_iv,-2.6,0.001,-0.0005500008534502652
PD-007,normal,light_iv,-2.5,0.001,-0.0005500008087693189
PD-007,normal,light_iv,-2.4,0.001,-0.0005500008157123923
PD-007,normal,light_iv,-2.3,0.001,-0.0005500007719952268
PD-007,normal,light_iv,-2.2,0.001,-0.0005500008335288101
PD-007,normal,light_iv,-2.1,0.001,-0.0005500007684396074
PD-007,normal,light_iv,-2.0,0.001,-0.0005500007800686098
PD-007,normal,light_iv,-1.9,0.001,-0.0005500008208778062
PD-007,normal,light_iv,-1.8,0.001,-0.00055000080465547
PD-007,normal,light_iv,-1.7,0.001,-0.0005500007995551296
PD-007,normal,light_iv,-1.6,0.001,-0.0005500007819010789
PD-007,normal,light_iv,-1.5,0.001,-0.0005500008093724455
PD-007,normal,light_iv,-1.4,0.001,-0.0005500007924898977
PD-007,normal,light_iv,-1.3,0.001,-0.0005500007900427668
PD-007,normal,light_iv,-1.2,0.001,-0.0005500008231280549
PD-007,normal,light_iv,-1.1,0.001,-0.0005500008071412265
PD-007,normal,light_iv,-1.0,0.001,-0.0005500007931642739
PD-007,normal,light_iv,-0.9,0.001,-0.000550000820754701
PD-007,normal,light_iv,-0.8,0.001,-0.0005500007946012325
PD-007,normal,light_iv,-0.7,0.001,-0.0005500008239282838
PD-007,normal,light_iv,-0.6,0.001,-0.0005500008277991581
PD-007,normal,light_iv,-0.5,0.001,-0.0005500007828383602
PD-007,normal,light_iv,-0.4,0.001,-0.0005500008043763804
PD-007,normal,light_iv,-0.3,0.001,-0.0005500008417064212
PD-007,normal,light_iv,-0.2,0.001,-0.0005500008016641106
PD-007,normal,light_iv,-0.1,0.001,-0.0005500007875628929
PD-007,normal,repeatability,-2.0,0.001,-0.0005500007792401032
PD-007,normal,repeatability,-2.0,0.001,-0.0005500008004072157
PD-007,normal,repeatability,-2.0,0.001,-0.0005500008229416834
PD-007,normal,repeatability,-2.0,0.001,-0.0005500007927554952
PD-007,normal,repeatability,-2.0,0.001,-0.0005500008093643214
PD-007,normal,repeatability,-2.0,0.001,-0.00055000079527598
PD-007,normal,repeatability,-2.0,0.001,-0.0005500008093816302
PD-007,normal,repeatability,-2.0,0.001,-0.0005500008134652477
PD-007,normal,repeatability,-2.0,0.001,-0.0005500008152928228
PD-007,normal,repeatability,-2.0,0.001,-0.0005500008234624639
PD-008,normal,dark_iv,-5.0,0.0,-8.466807911642953e-10
PD-008,normal,dark_iv,-4.9,0.0,-8.440200316232064e-10
PD-008,normal,dark_iv,-4.8,0.0,-7.827551385779778e-10
PD-008,normal,dark_iv,-4.7,0.0,-8.293604875392169e-10
PD-008,normal,dark_iv,-4.6,0.0,-8.239436850540854e-10
PD-008,normal,dark_iv,-4.5,0.0,-8.078427129380308e-10
PD-008,normal,dark_iv,-4.4,0.0,-8.099638670676855e-10
PD-008,normal,dark_iv,-4.3,0.0,-8.063812254295128e-10
PD-008,normal,dark_iv,-4.2,0.0,-8.400735011705784e-10
PD-008,normal,dark_iv,-4.1,0.0,-7.849094166950831e-10
PD-008,normal,dark_iv,-4.0,0.0,-8.074724985088751e-10
PD-008,normal,dark_iv,-3.9,0.0,-8.250194753936792e-10
PD-008,normal,dark_iv,-3.8,0.0,-8.102098090028228e-10
PD-008,normal,dark_iv,-3.7,0.0,-7.804701908406674e-10
PD-008,normal,dark_iv,-3.6,0.0,-7.881592835743868e-10
PD-008,normal,dark_iv,-3.5,0.0,-8.39895191632826e-10
PD-008,normal,dark_iv,-3.4,0.0,-7.852205702609583e-10
PD-008,normal,dark_iv,-3.3,0.0,-8.123005692302442e-10
PD-008,normal,dark_iv,-3.2,0.0,-7.796913104125079e-10
PD-008,normal,dark_iv,-3.1,0.0,-8.057139047776468e-10
PD-008,normal,dark_iv,-3.0,0.0,-8.135665632217321e-10
PD-008,normal,dark_iv,-2.9,0.0,-8.246646249111257e-10
PD-008,normal,dark_iv,-2.8,0.0,-8.030192713335558e-10
PD-008,normal,dark_iv,-2.7,0.0,-8.524380804023892e-10
PD-008,normal,dark_iv,-2.6,0.0,-8.140053977472508e-10
PD-008,normal,dark_iv,-2.5,0.0,-8.124731989777669e-10
PD-008,normal,dark_iv,-2.4,0.0,-7.842264314331927e-10
PD-008,normal,dark_iv,-2.3,0.0,-8.147344756271751e-10
PD-008,normal,dark_iv,-2.2,0.0,-7.921512187937112e-10
PD-008,normal,dark_iv,-2.1,0.0,-7.797831310486647e-10
PD-008,normal,dark_iv,-2.0,0.0,-8.217660208169852e-10
PD-008,normal,dark_iv,-1.9,0.0,-8.193089881351521e-10
PD-008,normal,dark_iv,-1.8,0.0,-8.023080005834578e-10
PD-008,normal,dark_iv,-1.7,0.0,-7.870877399505419e-10
PD-008,normal,dark_iv,-1.6,0.0,-8.019623552809051e-10
PD-008,normal,dark_iv,-1.5,0.0,-7.887966458061658e-10
PD-008,normal,dark_iv,-1.4,0.0,-8.061034497684682e-10
PD-008,normal,dark_iv,-1.3,0.0,-7.89140462744804e-10
PD-008,normal,dark_iv,-1.2,0.0,-8.093199160987553e-10
PD-008,normal,dark_iv,-1.1,0.0,-7.965250594977214e-10
PD-008,normal,dark_iv,-1.0,0.0,-8.142891458872523e-10
PD-008,normal,dark_iv,-0.9,0.0,-8.04085388646849e-10
PD-008,normal,dark_iv,-0.8,0.0,-7.992060807343141e-10
PD-008,normal,dark_iv,-0.7,0.0,-8.047427634970656e-10
PD-008,normal,dark_iv,-0.6,0.0,-8.06560021702897e-10
PD-008,normal,dark_iv,-0.5,0.0,-7.77154282027723e-10
PD-008,normal,dark_iv,-0.4,0.0,-8.640025275082692e-10
PD-008,normal,dark_iv,-0.3,0.0,-7.772131276956983e-10
PD-008,normal,dark_iv,-0.2,0.0,-8.024311363885931e-10
PD-008,normal,dark_iv,-0.1,0.0,-7.548255772833606e-10
PD-008,normal,light_iv,-5.0,0.001,-0.0005500008280458223
PD-008,normal,light_iv,-4.9,0.001,-0.0005500008153503797
PD-008,normal,light_iv,-4.8,0.001,-0.0005500008067809292
PD-008,normal,light_iv,-4.7,0.001,-0.000550000814135131
PD-008,normal,light_iv,-4.6,0.001,-0.0005500007963155185
PD-008,normal,light_iv,-4.5,0.001,-0.000550000850294786
PD-008,normal,light_iv,-4.4,0.001,-0.0005500008120889191
PD-008,normal,light_iv,-4.3,0.001,-0.0005500008186152317
PD-008,normal,light_iv,-4.2,0.001,-0.0005500008230011502
PD-008,normal,light_iv,-4.1,0.001,-0.0005500008277266304
PD-008,normal,light_iv,-4.0,0.001,-0.0005500008113840708
PD-008,normal,light_iv,-3.9,0.001,-0.0005500007816039898
PD-008,normal,light_iv,-3.8,0.001,-0.0005500008404418352
PD-008,normal,light_iv,-3.7,0.001,-0.0005500008319381586
PD-008,normal,light_iv,-3.6,0.001,-0.0005500008152671273
PD-008,normal,light_iv,-3.5,0.001,-0.0005500008414983922
PD-008,normal,light_iv,-3.4,0.001,-0.000550000823165572
PD-008,normal,light_iv,-3.3,0.001,-0.0005500008186466091
PD-008,normal,light_iv,-3.2,0.001,-0.0005500007844010528
PD-008,normal,light_iv,-3.1,0.001,-0.0005500008270518709
PD-008,normal,light_iv,-3.0,0.001,-0.0005500008336521172
PD-008,normal,light_iv,-2.9,0.001,-0.0005500008076027921
PD-008,normal,light_iv,-2.8,0.001,-0.0005500008080501387
PD-008,normal,light_iv,-2.7,0.001,-0.000550000835186181
PD-008,normal,light_iv,-2.6,0.001,-0.00055000080202875
PD-008,normal,light_iv,-2.5,0.001,-0.0005500008146340524
PD-008,normal,light_iv,-2.4,0.001,-0.0005500007944580913
PD-008,normal,light_iv,-2.3,0.001,-0.000550000836477543
PD-008,normal,light_iv,-2.2,0.001,-0.0005500008201767344
PD-008,normal,light_iv,-2.1,0.001,-0.0005500007723342849
PD-008,normal,light_iv,-2.0,0.001,-0.0005500008130515436
PD-008,normal,light_iv,-1.9,0.001,-0.000550000805882372
PD-008,normal,light_iv,-1.8,0.001,-0.0005500008182854468
PD-008,normal,light_iv,-1.7,0.001,-0.0005500007840426134
PD-008,normal,light_iv,-1.6,0.001,-0.0005500008029326485
PD-008,normal,light_iv,-1.5,0.001,-0.0005500008228399322
PD-008,normal,light_iv,-1.4,0.001,-0.000550000807014805
PD-008,normal,light_iv,-1.3,0.001,-0.0005500007982410916
PD-008,normal,light_iv,-1.2,0.001,-0.000550000784982092
PD-008,normal,light_iv,-1.1,0.001,-0.0005500008071617922
PD-008,normal,light_iv,-1.0,0.001,-0.0005500008148316898
PD-008,normal,light_iv,-0.9,0.001,-0.0005500008466282081
PD-008,normal,light_iv,-0.8,0.001,-0.0005500008387443997
PD-008,normal,light_iv,-0.7,0.001,-0.0005500008216915893
PD-008,normal,light_iv,-0.6,0.001,-0.000550000826547114
PD-008,normal,light_iv,-0.5,0.001,-0.0005500008305165847
PD-008,normal,light_iv,-0.4,0.001,-0.0005500007950533043
PD-008,normal,light_iv,-0.3,0.001,-0.0005500007869851905
PD-008,normal,light_iv,-0.2,0.001,-0.0005500007976407299
PD-008,normal,light_iv,-0.1,0.001,-0.0005500007571638955
PD-008,normal,repeatability,-2.0,0.001,-0.0005500008309143686
PD-008,normal,repeatability,-2.0,0.001,-0.000550000814848163
PD-008,normal,repeatability,-2.0,0.001,-0.0005500007873166609
PD-008,normal,repeatability,-2.0,0.001,-0.0005500007818614865
PD-008,normal,repeatability,-2.0,0.001,-0.0005500008188822617
PD-008,normal,repeatability,-2.0,0.001,-0.0005500008348426426
PD-008,normal,repeatability,-2.0,0.001,-0.0005500008074231411
PD-008,normal,repeatability,-2.0,0.001,-0.0005500007831297449
PD-008,normal,repeatability,-2.0,0.001,-0.0005500008073678474
PD-008,normal,repeatability,-2.0,0.001,-0.0005500008170555516
PD-009,normal,dark_iv,-5.0,0.0,-7.955485808849155e-10
PD-009,normal,dark_iv,-4.9,0.0,-8.519621211719184e-10
PD-009,normal,dark_iv,-4.8,0.0,-8.762784789864917e-10
PD-009,normal,dark_iv,-4.7,0.0,-8.71279092319538e-10
PD-009,normal,dark_iv,-4.6,0.0,-8.069155089604918e-10
PD-009,normal,dark_iv,-4.5,0.0,-8.319063481009771e-10
PD-009,normal,dark_iv,-4.4,0.0,-8.161461953862811e-10
PD-009,normal,dark_iv,-4.3,0.0,-8.382492425884876e-10
PD-009,normal,dark_iv,-4.2,0.0,-8.002653555483964e-10
PD-009,normal,dark_iv,-4.1,0.0,-7.892616270798081e-10
PD-009,normal,dark_iv,-4.0,0.0,-7.993800783715316e-10
PD-009,normal,dark_iv,-3.9,0.0,-8.025369542419876e-10
PD-009,normal,dark_iv,-3.8,0.0,-8.09078922380132e-10
PD-009,normal,dark_iv,-3.7,0.0,-8.086012329924685e-10
PD-009,normal,dark_iv,-3.6,0.0,-8.064006726860987e-10
PD-009,normal,dark_iv,-3.5,0.0,-8.314078799876577e-10
PD-009,normal,dark_iv,-3.4,0.0,-8.00793185648436e-10
PD-009,normal,dark_iv,-3.3,0.0,-7.807747255137676e-10
PD-009,normal,dark_iv,-3.2,0.0,-8.195960877452171e-10
PD-009,normal,dark_iv,-3.1,0.0,-8.012977216123749e-10
PD-009,normal,dark_iv,-3.0,0.0,-8.31263606243141e-10
PD-009,normal,dark_iv,-2.9,0.0,-8.314077207449233e-10
PD-009,normal,dark_iv,-2.8,0.0,-8.165188019568509e-10
PD-009,normal,dark_iv,-2.7,0.0,-7.994663051158858e-10
PD-009,normal,dark_iv,-2.6,0.0,-8.73190244603467e-10
PD-009,normal,dark_iv,-2.5,0.0,-8.304953176796295e-10
PD-009,normal,dark_iv,-2.4,0.0,-8.012799714742256e-10
PD-009,normal,dark_iv,-2.3,0.0,-8.068734938401724e-10
PD-009,normal,dark_iv,-2.2,0.0,-7.911514825889351e-10
PD-009,normal,dark_iv,-2.1,0.0,-7.896042172207926e-10
PD-009,normal,dark_iv,-2.0,0.0,-7.9943076949165e-10
PD-009,normal,dark_iv,-1.9,0.0,-7.931260724816543e-10
PD-009,normal,dark_iv,-1.8,0.0,-8.151539048889109e-10
PD-009,normal,dark_iv,-1.7,0.0,-8.050635350114912e-10
PD-009,normal,dark_iv,-1.6,0.0,-8.118602241306265e-10
PD-009,normal,dark_iv,-1.5,0.0,-7.826230282410963e-10
PD-009,normal,dark_iv,-1.4,0.0,-8.041649907584977e-10
PD-009,normal,dark_iv,-1.3,0.0,-8.017397542280477e-10
PD-009,normal,dark_iv,-1.2,0.0,-8.291920736812832e-10
PD-009,normal,dark_iv,-1.1,0.0,-8.14410732188095e-10
PD-009,normal,dark_iv,-1.0,0.0,-8.046054977476075e-10
PD-009,normal,dark_iv,-0.9,0.0,-8.15363930761086e-10
PD-009,normal,dark_iv,-0.8,0.0,-7.921757080899124e-10
PD-009,normal,dark_iv,-0.7,0.0,-8.014244859263419e-10
PD-009,normal,dark_iv,-0.6,0.0,-8.099116627317177e-10
PD-009,normal,dark_iv,-0.5,0.0,-8.027685908735786e-10
PD-009,normal,dark_iv,-0.4,0.0,-8.260210876207268e-10
PD-009,normal,dark_iv,-0.3,0.0,-7.871066670774986e-10
PD-009,normal,dark_iv,-0.2,0.0,-7.90667013102261e-10
PD-009,normal,dark_iv,-0.1,0.0,-7.563968036342691e-10
PD-009,normal,light_iv,-5.0,0.001,-0.0005500008315164295
PD-009,normal,light_iv,-4.9,0.001,-0.0005500008036944394
PD-009,normal,light_iv,-4.8,0.001,-0.0005500008083553144
PD-009,normal,light_iv,-4.7,0.001,-0.000550000808918921
PD-009,normal,light_iv,-4.6,0.001,-0.0005500008314740528
PD-009,normal,light_iv,-4.5,0.001,-0.0005500008023672137
PD-009,normal,light_iv,-4.4,0.001,-0.0005500008199482547
PD-009,normal,light_iv,-4.3,0.001,-0.0005500007542779257
PD-009,normal,light_iv,-4.2,0.001,-0.0005500008531587029
PD-009,normal,light_iv,-4.1,0.001,-0.0005500008109245093
PD-009,normal,light_iv,-4.0,0.001,-0.0005500008189059774
PD-009,normal,light_iv,-3.9,0.001,-0.000550000824995483
PD-009,normal,light_iv,-3.8,0.001,-0.0005500008474402295
PD-009,normal,light_iv,-3.7,0.001,-0.0005500007856195374
PD-009,normal,light_iv,-3.6,0.001,-0.0005500008462696133
PD-009,normal,light_iv,-3.5,0.001,-0.0005500008023086824
PD-009,normal,light_iv,-3.4,0.001,-0.000550000823130592
PD-009,normal,light_iv,-3.3,0.001,-0.0005500008346033041
PD-009,normal,light_iv,-3.2,0.001,-0.0005500008451776987
PD-009,normal,light_iv,-3.1,0.001,-0.0005500008158516268
PD-009,normal,light_iv,-3.0,0.001,-0.0005500008128761904
PD-009,normal,light_iv,-2.9,0.001,-0.0005500008129968586
PD-009,normal,light_iv,-2.8,0.001,-0.0005500008352923988
PD-009,normal,light_iv,-2.7,0.001,-0.0005500008087815774
PD-009,normal,light_iv,-2.6,0.001,-0.0005500008230880043
PD-009,normal,light_iv,-2.5,0.001,-0.000550000792835752
PD-009,normal,light_iv,-2.4,0.001,-0.0005500007991678615
PD-009,normal,light_iv,-2.3,0.001,-0.0005500007802964576
PD-009,normal,light_iv,-2.2,0.001,-0.0005500008529683454
PD-009,normal,light_iv,-2.1,0.001,-0.000550000769037744
PD-009,normal,light_iv,-2.0,0.001,-0.0005500008236433415
PD-009,normal,light_iv,-1.9,0.001,-0.0005500008199846837
PD-009,normal,light_iv,-1.8,0.001,-0.0005500008055571328
PD-009,normal,light_iv,-1.7,0.001,-0.0005500008185554645
PD-009,normal,light_iv,-1.6,0.001,-0.0005500008415045844
PD-009,normal,light_iv,-1.5,0.001,-0.0005500007976606446
PD-009,normal,light_iv,-1.4,0.001,-0.000550000834987396
PD-009,normal,light_iv,-1.3,0.001,-0.0005500008188621553
PD-009,normal,light_iv,-1.2,0.001,-0.0005500008259272126
PD-009,normal,light_iv,-1.1,0.001,-0.0005500008349641388
PD-009,normal,light_iv,-1.0,0.001,-0.0005500008124315046
PD-009,normal,light_iv,-0.9,0.001,-0.0005500007872591607
PD-009,normal,light_iv,-0.8,0.001,-0.0005500007969069604
PD-009,normal,light_iv,-0.7,0.001,-0.0005500008133123012
PD-009,normal,light_iv,-0.6,0.001,-0.0005500007539961887
PD-009,normal,light_iv,-0.5,0.001,-0.0005500008248594658
PD-009,normal,light_iv,-0.4,0.001,-0.0005500008057905832
PD-009,normal,light_iv,-0.3,0.001,-0.0005500008168127523
PD-009,normal,light_iv,-0.2,0.001,-0.0005500007950953508
PD-009,normal,light_iv,-0.1,0.001,-0.0005500007318975747
PD-009,normal,repeatability,-2.0,0.001,-0.0005500007996597681
PD-009,normal,repeatability,-2.0,0.001,-0.0005500008290084996
PD-009,normal,repeatability,-2.0,0.001,-0.0005500007912814773
PD-009,normal,repeatability,-2.0,0.001,-0.0005500008180482173
PD-009,normal,repeatability,-2.0,0.001,-0.000550000774040082
PD-009,normal,repeatability,-2.0,0.001,-0.000550000794837562
PD-009,normal,repeatability,-2.0,0.001,-0.0005500007967119859
PD-009,normal,repeatability,-2.0,0.001,-0.0005500008441784407
PD-009,normal,repeatability,-2.0,0.001,-0.0005500007873610866
PD-009,normal,repeatability,-2.0,0.001,-0.0005500008034441459
PD-010,normal,dark_iv,-5.0,0.0,-8.492243369296658e-10
PD-010,normal,dark_iv,-4.9,0.0,-8.514570631560311e-10
PD-010,normal,dark_iv,-4.8,0.0,-8.053216732290452e-10
PD-010,normal,dark_iv,-4.7,0.0,-8.010905190482287e-10
PD-010,normal,dark_iv,-4.6,0.0,-7.889833486055765e-10
PD-010,normal,dark_iv,-4.5,0.0,-8.249267771450697e-10
PD-010,normal,dark_iv,-4.4,0.0,-8.429532684146758e-10
PD-010,normal,dark_iv,-4.3,0.0,-8.067199484184636e-10
PD-010,normal,dark_iv,-4.2,0.0,-8.142419832170957e-10
PD-010,normal,dark_iv,-4.1,0.0,-8.180457695334718e-10
PD-010,normal,dark_iv,-4.0,0.0,-8.164426517358678e-10
PD-010,normal,dark_iv,-3.9,0.0,-8.171485220200958e-10
PD-010,normal,dark_iv,-3.8,0.0,-8.395578881111693e-10
PD-010,normal,dark_iv,-3.7,0.0,-7.733680343035422e-10
PD-010,normal,dark_iv,-3.6,0.0,-8.162749815080039e-10
PD-010,normal,dark_iv,-3.5,0.0,-8.172436287966708e-10
PD-010,normal,dark_iv,-3.4,0.0,-8.278024055109334e-10
PD-010,normal,dark_iv,-3.3,0.0,-8.374215564418106e-10
PD-010,normal,dark_iv,-3.2,0.0,-8.018597170294798e-10
PD-010,normal,dark_iv,-3.1,0.0,-8.186882253493888e-10
PD-010,normal,dark_iv,-3.0,0.0,-7.78063657179938e-10
PD-010,normal,dark_iv,-2.9,0.0,-8.08992752347839e-10
PD-010,normal,dark_iv,-2.8,0.0,-8.443074400080429e-10
PD-010,normal,dark_iv,-2.7,0.0,-8.207005541169231e-10
PD-010,normal,dark_iv,-2.6,0.0,-8.171529994110226e-10
PD-010,normal,dark_iv,-2.5,0.0,-8.043570095798623e-10
PD-010,normal,dark_iv,-2.4,0.0,-7.799119171371774e-10
PD-010,normal,dark_iv,-2.3,0.0,-7.877370379629469e-10
PD-010,normal,dark_iv,-2.2,0.0,-7.973687750751554e-10
PD-010,normal,dark_iv,-2.1,0.0,-8.093408769222041e-10
PD-010,normal,dark_iv,-2.0,0.0,-8.120161929580439e-10
PD-010,normal,dark_iv,-1.9,0.0,-7.724609173194745e-10
PD-010,normal,dark_iv,-1.8,0.0,-8.12063556633977e-10
PD-010,normal,dark_iv,-1.7,0.0,-8.273300305679974e-10
PD-010,normal,dark_iv,-1.6,0.0,-8.088422521197739e-10
PD-010,normal,dark_iv,-1.5,0.0,-7.743450360726059e-10
PD-010,normal,dark_iv,-1.4,0.0,-8.1547003278354e-10
PD-010,normal,dark_iv,-1.3,0.0,-8.257531207367646e-10
PD-010,normal,dark_iv,-1.2,0.0,-8.369304725250206e-10
PD-010,normal,dark_iv,-1.1,0.0,-8.194541107922119e-10
PD-010,normal,dark_iv,-1.0,0.0,-8.038061845853435e-10
PD-010,normal,dark_iv,-0.9,0.0,-7.970908214799888e-10
PD-010,normal,dark_iv,-0.8,0.0,-7.743409107524353e-10
PD-010,normal,dark_iv,-0.7,0.0,-7.865459969749869e-10
PD-010,normal,dark_iv,-0.6,0.0,-7.94352163704179e-10
PD-010,normal,dark_iv,-0.5,0.0,-7.827035141186226e-10
PD-010,normal,dark_iv,-0.4,0.0,-7.781778244045655e-10
PD-010,normal,dark_iv,-0.3,0.0,-8.257020519071563e-10
PD-010,normal,dark_iv,-0.2,0.0,-7.939337141255065e-10
PD-010,normal,dark_iv,-0.1,0.0,-7.272396853126836e-10
PD-010,normal,light_iv,-5.0,0.001,-0.0005500007929991761
PD-010,normal,light_iv,-4.9,0.001,-0.0005500008291247333
PD-010,normal,light_iv,-4.8,0.001,-0.0005500008628304129
PD-010,normal,light_iv,-4.7,0.001,-0.0005500008174985568
PD-010,normal,light_iv,-4.6,0.001,-0.000550000854825635
PD-010,normal,light_iv,-4.5,0.001,-0.0005500008330026016
PD-010,normal,light_iv,-4.4,0.001,-0.0005500007740956934
PD-010,normal,light_iv,-4.3,0.001,-0.0005500008061403349
PD-010,normal,light_iv,-4.2,0.001,-0.0005500008363599998
PD-010,normal,light_iv,-4.1,0.001,-0.0005500008284339192
PD-010,normal,light_iv,-4.0,0.001,-0.0005500008127728461
PD-010,normal,light_iv,-3.9,0.001,-0.0005500008397423718
PD-010,normal,light_iv,-3.8,0.001,-0.0005500008298143798
PD-010,normal,light_iv,-3.7,0.001,-0.0005500008261639102
PD-010,normal,light_iv,-3.6,0.001,-0.0005500007924599343
PD-010,normal,light_iv,-3.5,0.001,-0.000550000803054159
PD-010,normal,light_iv,-3.4,0.001,-0.0005500008138872208
PD-010,normal,light_iv,-3.3,0.001,-0.0005500008435944534
PD-010,normal,light_iv,-3.2,0.001,-0.0005500008403129639
PD-010,normal,light_iv,-3.1,0.001,-0.0005500008204386468
PD-010,normal,light_iv,-3.0,0.001,-0.000550000819933485
PD-010,normal,light_iv,-2.9,0.001,-0.0005500008091755914
PD-010,normal,light_iv,-2.8,0.001,-0.0005500008281742647
PD-010,normal,light_iv,-2.7,0.001,-0.0005500008042705105
PD-010,normal,light_iv,-2.6,0.001,-0.0005500008318069869
PD-010,normal,light_iv,-2.5,0.001,-0.0005500008198502526
PD-010,normal,light_iv,-2.4,0.001,-0.0005500007995071142
PD-010,normal,light_iv,-2.3,0.001,-0.0005500008162905015
PD-010,normal,light_iv,-2.2,0.001,-0.0005500007774134012
PD-010,normal,light_iv,-2.1,0.001,-0.0005500007920393183
PD-010,normal,light_iv,-2.0,0.001,-0.0005500007787237717
PD-010,normal,light_iv,-1.9,0.001,-0.0005500007881382707
PD-010,normal,light_iv,-1.8,0.001,-0.0005500008013580119
PD-010,normal,light_iv,-1.7,0.001,-0.000550000785645771
PD-010,normal,light_iv,-1.6,0.001,-0.0005500008186151138
PD-010,normal,light_iv,-1.5,0.001,-0.000550000835564341
PD-010,normal,light_iv,-1.4,0.001,-0.0005500008138255755
PD-010,normal,light_iv,-1.3,0.001,-0.0005500007777192212
PD-010,normal,light_iv,-1.2,0.001,-0.0005500007786455283
PD-010,normal,light_iv,-1.1,0.001,-0.0005500008398795246
PD-010,normal,light_iv,-1.0,0.001,-0.0005500008128186386
PD-010,normal,light_iv,-0.9,0.001,-0.0005500008022345374
PD-010,normal,light_iv,-0.8,0.001,-0.000550000805123957
PD-010,normal,light_iv,-0.7,0.001,-0.0005500008070729746
PD-010,normal,light_iv,-0.6,0.001,-0.0005500008361251756
PD-010,normal,light_iv,-0.5,0.001,-0.0005500007905454032
PD-010,normal,light_iv,-0.4,0.001,-0.0005500007740080313
PD-010,normal,light_iv,-0.3,0.001,-0.0005500007983196051
PD-010,normal,light_iv,-0.2,0.001,-0.0005500008442857426
PD-010,normal,light_iv,-0.1,0.001,-0.0005500007109754235
PD-010,normal,repeatability,-2.0,0.001,-0.0005500008223058242
PD-010,normal,repeatability,-2.0,0.001,-0.00055000078058459
PD-010,normal,repeatability,-2.0,0.001,-0.0005500008007095666
PD-010,normal,repeatability,-2.0,0.001,-0.000550000826737472
PD-010,normal,repeatability,-2.0,0.001,-0.0005500008059963777
PD-010,normal,repeatability,-2.0,0.001,-0.0005500007597043925
PD-010,normal,repeatability,-2.0,0.001,-0.0005500007978797276
PD-010,normal,repeatability,-2.0,0.001,-0.000550000806067324
PD-010,normal,repeatability,-2.0,0.001,-0.0005500008210413163
PD-010,normal,repeatability,-2.0,0.001,-0.0005500008003554088
PD-011,normal,dark_iv,-5.0,0.0,-8.519374328988064e-10
PD-011,normal,dark_iv,-4.9,0.0,-8.407527810774651e-10
PD-011,normal,dark_iv,-4.8,0.0,-7.941138285131813e-10
PD-011,normal,dark_iv,-4.7,0.0,-7.925723346679227e-10
PD-011,normal,dark_iv,-4.6,0.0,-8.355471581445504e-10
PD-011,normal,dark_iv,-4.5,0.0,-8.145352423692045e-10
PD-011,normal,dark_iv,-4.4,0.0,-8.258269609048375e-10
PD-011,normal,dark_iv,-4.3,0.0,-8.199333894709529e-10
PD-011,normal,dark_iv,-4.2,0.0,-8.250753209141964e-10
PD-011,normal,dark_iv,-4.1,0.0,-8.440719400274879e-10
PD-011,normal,dark_iv,-4.0,0.0,-8.70213658612316e-10
PD-011,normal,dark_iv,-3.9,0.0,-8.100737023332584e-10
PD-011,normal,dark_iv,-3.8,0.0,-8.120943864206852e-10
PD-011,normal,dark_iv,-3.7,0.0,-8.261550689514226e-10
PD-011,normal,dark_iv,-3.6,0.0,-8.099068433062224e-10
PD-011,normal,dark_iv,-3.5,0.0,-7.9792119732914e-10
PD-011,normal,dark_iv,-3.4,0.0,-8.077424892444496e-10
PD-011,normal,dark_iv,-3.3,0.0,-7.950969248667619e-10
PD-011,normal,dark_iv,-3.2,0.0,-8.58388675267943e-10
PD-011,normal,dark_iv,-3.1,0.0,-8.095414010112027e-10
PD-011,normal,dark_iv,-3.0,0.0,-8.278979382437764e-10
PD-011,normal,dark_iv,-2.9,0.0,-7.883791602033837e-10
PD-011,normal,dark_iv,-2.8,0.0,-8.372948119098426e-10
PD-011,normal,dark_iv,-2.7,0.0,-8.169176279758242e-10
PD-011,normal,dark_iv,-2.6,0.0,-8.37638408986311e-10
PD-011,normal,dark_iv,-2.5,0.0,-8.072867927968702e-10
PD-011,normal,dark_iv,-2.4,0.0,-8.158469189696213e-10
PD-011,normal,dark_iv,-2.3,0.0,-8.151167901209069e-10
PD-011,normal,dark_iv,-2.2,0.0,-8.270434926496186e-10
PD-011,normal,dark_iv,-2.1,0.0,-7.90337275807498e-10
PD-011,normal,dark_iv,-2.0,0.0,-8.367208306408749e-10
PD-011,normal,dark_iv,-1.9,0.0,-8.148646422811142e-10
PD-011,normal,dark_iv,-1.8,0.0,-8.162388469777225e-10
PD-011,normal,dark_iv,-1.7,0.0,-8.225370654565733e-10
PD-011,normal,dark_iv,-1.6,0.0,-8.023175400738858e-10
PD-011,normal,dark_iv,-1.5,0.0,-7.917959856574117e-10
PD-011,normal,dark_iv,-1.4,0.0,-8.104781589081546e-10
PD-011,normal,dark_iv,-1.3,0.0,-8.141853648528116e-10
PD-011,normal,dark_iv,-1.2,0.0,-7.954900282363307e-10
PD-011,normal,dark_iv,-1.1,0.0,-7.513671350386195e-10
PD-011,normal,dark_iv,-1.0,0.0,-8.086473765122272e-10
PD-011,normal,dark_iv,-0.9,0.0,-7.735734526891356e-10
PD-011,normal,dark_iv,-0.8,0.0,-7.977448933935088e-10
PD-011,normal,dark_iv,-0.7,0.0,-8.082478784881849e-10
PD-011,normal,dark_iv,-0.6,0.0,-7.871228495934982e-10
PD-011,normal,dark_iv,-0.5,0.0,-8.01687880631005e-10
PD-011,normal,dark_iv,-0.4,0.0,-8.099643021623181e-10
PD-011,normal,dark_iv,-0.3,0.0,-7.98481814086509e-10
PD-011,normal,dark_iv,-0.2,0.0,-8.065034019822501e-10
PD-011,normal,dark_iv,-0.1,0.0,-7.631408752907702e-10
PD-011,normal,light_iv,-5.0,0.001,-0.0005500008325738089
PD-011,normal,light_iv,-4.9,0.001,-0.0005500007969821819
PD-011,normal,light_iv,-4.8,0.001,-0.0005500008148893543
PD-011,normal,light_iv,-4.7,0.001,-0.0005500007934009638
PD-011,normal,light_iv,-4.6,0.001,-0.0005500007931251084
PD-011,normal,light_iv,-4.5,0.001,-0.0005500008098746464
PD-011,normal,light_iv,-4.4,0.001,-0.0005500007875804127
PD-011,normal,light_iv,-4.3,0.001,-0.0005500008161078336
PD-011,normal,light_iv,-4.2,0.001,-0.0005500008442325321
PD-011,normal,light_iv,-4.1,0.001,-0.0005500008173633759
PD-011,normal,light_iv,-4.0,0.001,-0.0005500008458351066
PD-011,normal,light_iv,-3.9,0.001,-0.0005500008095051352
PD-011,normal,light_iv,-3.8,0.001,-0.0005500008575529229
PD-011,normal,light_iv,-3.7,0.001,-0.0005500008151469768
PD-011,normal,light_iv,-3.6,0.001,-0.0005500008118059434
PD-011,normal,light_iv,-3.5,0.001,-0.0005500008271482745
PD-011,normal,light_iv,-3.4,0.001,-0.0005500008460688941
PD-011,normal,light_iv,-3.3,0.001,-0.0005500008449400022
PD-011,normal,light_iv,-3.2,0.001,-0.0005500007976833349
PD-011,normal,light_iv,-3.1,0.001,-0.0005500008047208731
PD-011,normal,light_iv,-3.0,0.001,-0.0005500008329769905
PD-011,normal,light_iv,-2.9,0.001,-0.0005500007700710729
PD-011,normal,light_iv,-2.8,0.001,-0.0005500008223390233
PD-011,normal,light_iv,-2.7,0.001,-0.0005500008145919238
PD-011,normal,light_iv,-2.6,0.001,-0.0005500007992970559
PD-011,normal,light_iv,-2.5,0.001,-0.0005500008146167888
PD-011,normal,light_iv,-2.4,0.001,-0.0005500008160098781
PD-011,normal,light_iv,-2.3,0.001,-0.0005500007897684732
PD-011,normal,light_iv,-2.2,0.001,-0.0005500008122530217
PD-011,normal,light_iv,-2.1,0.001,-0.0005500007913921718
PD-011,normal,light_iv,-2.0,0.001,-0.0005500007695010704
PD-011,normal,light_iv,-1.9,0.001,-0.0005500008284232376
PD-011,normal,light_iv,-1.8,0.001,-0.0005500008008342383
PD-011,normal,light_iv,-1.7,0.001,-0.0005500008461335997
PD-011,normal,light_iv,-1.6,0.001,-0.0005500008214961615
PD-011,normal,light_iv,-1.5,0.001,-0.0005500007825524148
PD-011,normal,light_iv,-1.4,0.001,-0.000550000810266706
PD-011,normal,light_iv,-1.3,0.001,-0.0005500008062359216
PD-011,normal,light_iv,-1.2,0.001,-0.0005500008122642062
PD-011,normal,light_iv,-1.1,0.001,-0.0005500008219825095
PD-011,normal,light_iv,-1.0,0.001,-0.0005500007974796102
PD-011,normal,light_iv,-0.9,0.001,-0.0005500008016912948
PD-011,normal,light_iv,-0.8,0.001,-0.0005500008096588348
PD-011,normal,light_iv,-0.7,0.001,-0.0005500007977087067
PD-011,normal,light_iv,-0.6,0.001,-0.000550000778034113
PD-011,normal,light_iv,-0.5,0.001,-0.0005500007999210207
PD-011,normal,light_iv,-0.4,0.001,-0.0005500008129448977
PD-011,normal,light_iv,-0.3,0.001,-0.0005500008102967988
PD-011,normal,light_iv,-0.2,0.001,-0.0005500008068302078
PD-011,normal,light_iv,-0.1,0.001,-0.0005500007228927524
PD-011,normal,repeatability,-2.0,0.001,-0.0005500008025100757
PD-011,normal,repeatability,-2.0,0.001,-0.0005500007778917426
PD-011,normal,repeatability,-2.0,0.001,-0.0005500008104287862
PD-011,normal,repeatability,-2.0,0.001,-0.0005500008004578831
PD-011,normal,repeatability,-2.0,0.001,-0.0005500008505743249
PD-011,normal,repeatability,-2.0,0.001,-0.0005500007856048461
PD-011,normal,repeatability,-2.0,0.001,-0.0005500008133696015
PD-011,normal,repeatability,-2.0,0.001,-0.0005500008124463009
PD-011,normal,repeatability,-2.0,0.001,-0.0005500008344877182
PD-011,normal,repeatability,-2.0,0.001,-0.0005500008138375603
PD-012,normal,dark_iv,-5.0,0.0,-8.212342344783454e-10
PD-012,normal,dark_iv,-4.9,0.0,-8.284723881655888e-10
PD-012,normal,dark_iv,-4.8,0.0,-8.186122858645825e-10
PD-012,normal,dark_iv,-4.7,0.0,-8.206352190138882e-10
PD-012,normal,dark_iv,-4.6,0.0,-8.269483851001673e-10
PD-012,normal,dark_iv,-4.5,0.0,-8.416227193768618e-10
PD-012,normal,dark_iv,-4.4,0.0,-8.152016086941295e-10
PD-012,normal,dark_iv,-4.3,0.0,-8.049178277559331e-10
PD-012,normal,dark_iv,-4.2,0.0,-7.818222634960688e-10
PD-012,normal,dark_iv,-4.1,0.0,-8.019379298095256e-10
PD-012,normal,dark_iv,-4.0,0.0,-8.260868578668145e-10
PD-012,normal,dark_iv,-3.9,0.0,-8.389705793508776e-10
PD-012,normal,dark_iv,-3.8,0.0,-8.559317163935753e-10
PD-012,normal,dark_iv,-3.7,0.0,-8.345488668173223e-10
PD-012,normal,dark_iv,-3.6,0.0,-7.79955687454881e-10
PD-012,normal,dark_iv,-3.5,0.0,-8.107728831329717e-10
PD-012,normal,dark_iv,-3.4,0.0,-8.456239347083326e-10
PD-012,normal,dark_iv,-3.3,0.0,-8.169248516588912e-10
PD-012,normal,dark_iv,-3.2,0.0,-8.305938091865056e-10
PD-012,normal,dark_iv,-3.1,0.0,-8.080070010733919e-10
PD-012,normal,dark_iv,-3.0,0.0,-7.906216428367046e-10
PD-012,normal,dark_iv,-2.9,0.0,-8.19036105822032e-10
PD-012,normal,dark_iv,-2.8,0.0,-8.350630398970268e-10
PD-012,normal,dark_iv,-2.7,0.0,-8.247258565437359e-10
PD-012,normal,dark_iv,-2.6,0.0,-7.849905003414386e-10
PD-012,normal,dark_iv,-2.5,0.0,-7.843339524351325e-10
PD-012,normal,dark_iv,-2.4,0.0,-8.17636073035623e-10
PD-012,normal,dark_iv,-2.3,0.0,-8.153208598703997e-10
PD-012,normal,dark_iv,-2.2,0.0,-8.009564577009805e-10
PD-012,normal,dark_iv,-2.1,0.0,-7.860082355016358e-10
PD-012,normal,dark_iv,-2.0,0.0,-8.111573205925508e-10
PD-012,normal,dark_iv,-1.9,0.0,-8.354442457281839e-10
PD-012,normal,dark_iv,-1.8,0.0,-8.216941642345556e-10
PD-012,normal,dark_iv,-1.7,0.0,-8.080037654738413e-10
PD-012,normal,dark_iv,-1.6,0.0,-8.10769600063557e-10
PD-012,normal,dark_iv,-1.5,0.0,-8.388295032871425e-10
PD-012,normal,dark_iv,-1.4,0.0,-8.185235065944772e-10
PD-012,normal,dark_iv,-1.3,0.0,-8.282237455510816e-10
PD-012,normal,dark_iv,-1.2,0.0,-8.216152334343038e-10
PD-012,normal,dark_iv,-1.1,0.0,-7.935797000495349e-10
PD-012,normal,dark_iv,-1.0,0.0,-7.908317195280584e-10
PD-012,normal,dark_iv,-0.9,0.0,-7.667239702848367e-10
PD-012,normal,dark_iv,-0.8,0.0,-8.086616456366207e-10
PD-012,normal,dark_iv,-0.7,0.0,-8.246580743895096e-10
PD-012,normal,dark_iv,-0.6,0.0,-8.074427174674216e-10
PD-012,normal,dark_iv,-0.5,0.0,-8.385281733294448e-10
PD-012,normal,dark_iv,-0.4,0.0,-8.20678740479638e-10
PD-012,normal,dark_iv,-0.3,0.0,-8.215163141068084e-10
PD-012,normal,dark_iv,-0.2,0.0,-7.99318217871248e-10
PD-012,normal,dark_iv,-0.1,0.0,-7.272230528170063e-10
PD-012,normal,light_iv,-5.0,0.001,-0.0005500008164694512
PD-012,normal,light_iv,-4.9,0.001,-0.0005500008149864471
PD-012,normal,light_iv,-4.8,0.001,-0.0005500008251441435
PD-012,normal,light_iv,-4.7,0.001,-0.0005500008224543219
PD-012,normal,light_iv,-4.6,0.001,-0.0005500008564566059
PD-012,normal,light_iv,-4.5,0.001,-0.0005500008124314909
PD-012,normal,light_iv,-4.4,0.001,-0.0005500008163919179
PD-012,normal,light_iv,-4.3,0.001,-0.0005500007712056399
PD-012,normal,light_iv,-4.2,0.001,-0.0005500007885039974
PD-012,normal,light_iv,-4.1,0.001,-0.0005500007833591081
PD-012,normal,light_iv,-4.0,0.001,-0.000550000826607027
PD-012,normal,light_iv,-3.9,0.001,-0.0005500008098136407
PD-012,normal,light_iv,-3.8,0.001,-0.0005500008307076723
PD-012,normal,light_iv,-3.7,0.001,-0.0005500008080667025
PD-012,normal,light_iv,-3.6,0.001,-0.0005500008191867576
PD-012,normal,light_iv,-3.5,0.001,-0.0005500008060859132
PD-012,normal,light_iv,-3.4,0.001,-0.0005500008043659484
PD-012,normal,light_iv,-3.3,0.001,-0.0005500008148816432
PD-012,normal,light_iv,-3.2,0.001,-0.0005500008131326531
PD-012,normal,light_iv,-3.1,0.001,-0.0005500008155428456
PD-012,normal,light_iv,-3.0,0.001,-0.0005500008174846602
PD-012,normal,light_iv,-2.9,0.001,-0.0005500008505089569
PD-012,normal,light_iv,-2.8,0.001,-0.0005500008389280453
PD-012,normal,light_iv,-2.7,0.001,-0.0005500008274417589
PD-012,normal,light_iv,-2.6,0.001,-0.0005500008314539421
PD-012,normal,light_iv,-2.5,0.001,-0.000550000786471097
PD-012,normal,light_iv,-2.4,0.001,-0.0005500008215726201
PD-012,normal,light_iv,-2.3,0.001,-0.0005500007917168231
PD-012,normal,light_iv,-2.2,0.001,-0.0005500007997994027
PD-012,normal,light_iv,-2.1,0.001,-0.0005500008327339505
PD-012,normal,light_iv,-2.0,0.001,-0.000550000834945812
PD-012,normal,light_iv,-1.9,0.001,-0.0005500008375283604
PD-012,normal,light_iv,-1.8,0.001,-0.0005500007966795063
PD-012,normal,light_iv,-1.7,0.001,-0.000550000764575273
PD-012,normal,light_iv,-1.6,0.001,-0.0005500008328339609
PD-012,normal,light_iv,-1.5,0.001,-0.0005500007988643762
PD-012,normal,light_iv,-1.4,0.001,-0.0005500008364813808
PD-012,normal,light_iv,-1.3,0.001,-0.0005500008035974344
PD-012,normal,light_iv,-1.2,0.001,-0.0005500008057983682
PD-012,normal,light_iv,-1.1,0.001,-0.0005500008446870953
PD-012,normal,light_iv,-1.0,0.001,-0.0005500008078182326
PD-012,normal,light_iv,-0.9,0.001,-0.000550000791761159
PD-012,normal,light_iv,-0.8,0.001,-0.0005500007554234336
PD-012,normal,light_iv,-0.7,0.001,-0.0005500007826100789
PD-012,normal,light_iv,-0.6,0.001,-0.0005500008069879827
PD-012,normal,light_iv,-0.5,0.001,-0.0005500008078903215
PD-012,normal,light_iv,-0.4,0.001,-0.0005500008548207324
PD-012,normal,light_iv,-0.3,0.001,-0.0005500007809512626
PD-012,normal,light_iv,-0.2,0.001,-0.0005500008067014584
PD-012,normal,light_iv,-0.1,0.001,-0.0005500006928870423
PD-012,normal,repeatability,-2.0,0.001,-0.0005500007882504791
PD-012,normal,repeatability,-2.0,0.001,-0.0005500008169141727
PD-012,normal,repeatability,-2.0,0.001,-0.0005500008271361547
PD-012,normal,repeatability,-2.0,0.001,-0.0005500007754333028
PD-012,normal,repeatability,-2.0,0.001,-0.0005500008157099071
PD-012,normal,repeatability,-2.0,0.001,-0.0005500008134491001
PD-012,normal,repeatability,-2.0,0.001,-0.0005500008247260499
PD-012,normal,repeatability,-2.0,0.001,-0.0005500008379727623
PD-012,normal,repeatability,-2.0,0.001,-0.0005500007897371932
PD-012,normal,repeatability,-2.0,0.001,-0.0005500008368362003
PD-013,high_dark_current,dark_iv,-5.0,0.0,-2.5000374529078903e-08
PD-013,high_dark_current,dark_iv,-4.9,0.0,-2.5041432967787825e-08
PD-013,high_dark_current,dark_iv,-4.8,0.0,-2.5052533805279397e-08
PD-013,high_dark_current,dark_iv,-4.7,0.0,-2.4989502632680028e-08
PD-013,high_dark_current,dark_iv,-4.6,0.0,-2.5015087128790014e-08
PD-013,high_dark_current,dark_iv,-4.5,0.0,-2.5022116790832984e-08
PD-013,high_dark_current,dark_iv,-4.4,0.0,-2.5036846318487556e-08
PD-013,high_dark_current,dark_iv,-4.3,0.0,-2.504062372109057e-08
PD-013,high_dark_current,dark_iv,-4.2,0.0,-2.4991250629579614e-08
PD-013,high_dark_current,dark_iv,-4.1,0.0,-2.5007559602742233e-08
PD-013,high_dark_current,dark_iv,-4.0,0.0,-2.5043498874810792e-08
PD-013,high_dark_current,dark_iv,-3.9,0.0,-2.5037806002072127e-08
PD-013,high_dark_current,dark_iv,-3.8,0.0,-2.5000672353992924e-08
PD-013,high_dark_current,dark_iv,-3.7,0.0,-2.5042894141933602e-08
PD-013,high_dark_current,dark_iv,-3.6,0.0,-2.503189207839702e-08
PD-013,high_dark_current,dark_iv,-3.5,0.0,-2.501882781018335e-08
PD-013,high_dark_current,dark_iv,-3.4,0.0,-2.5001250354224818e-08
PD-013,high_dark_current,dark_iv,-3.3,0.0,-2.5034991132682744e-08
PD-013,high_dark_current,dark_iv,-3.2,0.0,-2.499285629737745e-08
PD-013,high_dark_current,dark_iv,-3.1,0.0,-2.4996834099138015e-08
PD-013,high_dark_current,dark_iv,-3.0,0.0,-2.5011559437836596e-08
PD-013,high_dark_current,dark_iv,-2.9,0.0,-2.5002710671357393e-08
PD-013,high_dark_current,dark_iv,-2.8,0.0,-2.496848237396417e-08
PD-013,high_dark_current,dark_iv,-2.7,0.0,-2.5032215504713778e-08
PD-013,high_dark_current,dark_iv,-2.6,0.0,-2.4990223384966713e-08
PD-013,high_dark_current,dark_iv,-2.5,0.0,-2.499568211095061e-08
PD-013,high_dark_current,dark_iv,-2.4,0.0,-2.5005603124365114e-08
PD-013,high_dark_current,dark_iv,-2.3,0.0,-2.501494760942199e-08
PD-013,high_dark_current,dark_iv,-2.2,0.0,-2.4998318169831696e-08
PD-013,high_dark_current,dark_iv,-2.1,0.0,-2.4998748095291137e-08
PD-013,high_dark_current,dark_iv,-2.0,0.0,-2.5007911240791462e-08
PD-013,high_dark_current,dark_iv,-1.9,0.0,-2.5002199607869434e-08
PD-013,high_dark_current,dark_iv,-1.8,0.0,-2.501997602759315e-08
PD-013,high_dark_current,dark_iv,-1.7,0.0,-2.498222597018753e-08
PD-013,high_dark_current,dark_iv,-1.6,0.0,-2.4996420220259578e-08
PD-013,high_dark_current,dark_iv,-1.5,0.0,-2.5006212127220428e-08
PD-013,high_dark_current,dark_iv,-1.4,0.0,-2.502689897961246e-08
PD-013,high_dark_current,dark_iv,-1.3,0.0,-2.5021143400928853e-08
PD-013,high_dark_current,dark_iv,-1.2,0.0,-2.4993487754731023e-08
PD-013,high_dark_current,dark_iv,-1.1,0.0,-2.500684237985257e-08
PD-013,high_dark_current,dark_iv,-1.0,0.0,-2.5000133029960834e-08
PD-013,high_dark_current,dark_iv,-0.9,0.0,-2.500963143895186e-08
PD-013,high_dark_current,dark_iv,-0.8,0.0,-2.499998490418145e-08
PD-013,high_dark_current,dark_iv,-0.7,0.0,-2.5013925606584266e-08
PD-013,high_dark_current,dark_iv,-0.6,0.0,-2.499201919211036e-08
PD-013,high_dark_current,dark_iv,-0.5,0.0,-2.497234491900106e-08
PD-013,high_dark_current,dark_iv,-0.4,0.0,-2.4999944679665753e-08
PD-013,high_dark_current,dark_iv,-0.3,0.0,-2.498644607842223e-08
PD-013,high_dark_current,dark_iv,-0.2,0.0,-2.486297132852571e-08
PD-013,high_dark_current,dark_iv,-0.1,0.0,-2.3110764015477583e-08
PD-013,high_dark_current,light_iv,-5.0,0.001,-0.0005500250427702933
PD-013,high_dark_current,light_iv,-4.9,0.001,-0.0005500250299601304
PD-013,high_dark_current,light_iv,-4.8,0.001,-0.0005500250085861085
PD-013,high_dark_current,light_iv,-4.7,0.001,-0.0005500250141638477
PD-013,high_dark_current,light_iv,-4.6,0.001,-0.0005500250348528104
PD-013,high_dark_current,light_iv,-4.5,0.001,-0.0005500250363401783
PD-013,high_dark_current,light_iv,-4.4,0.001,-0.0005500250225696657
PD-013,high_dark_current,light_iv,-4.3,0.001,-0.0005500250114232059
PD-013,high_dark_current,light_iv,-4.2,0.001,-0.0005500250111876851
PD-013,high_dark_current,light_iv,-4.1,0.001,-0.0005500250303173196
PD-013,high_dark_current,light_iv,-4.0,0.001,-0.0005500250414238821
PD-013,high_dark_current,light_iv,-3.9,0.001,-0.0005500250339744952
PD-013,high_dark_current,light_iv,-3.8,0.001,-0.0005500250423516006
PD-013,high_dark_current,light_iv,-3.7,0.001,-0.0005500249748569444
PD-013,high_dark_current,light_iv,-3.6,0.001,-0.0005500250104148153
PD-013,high_dark_current,light_iv,-3.5,0.001,-0.0005500250250440038
PD-013,high_dark_current,light_iv,-3.4,0.001,-0.0005500250097372688
PD-013,high_dark_current,light_iv,-3.3,0.001,-0.0005500250653145706
PD-013,high_dark_current,light_iv,-3.2,0.001,-0.0005500250113555878
PD-013,high_dark_current,light_iv,-3.1,0.001,-0.0005500249970539931
PD-013,high_dark_current,light_iv,-3.0,0.001,-0.0005500250283917761
PD-013,high_dark_current,light_iv,-2.9,0.001,-0.0005500250171635001
PD-013,high_dark_current,light_iv,-2.8,0.001,-0.0005500249659564123
PD-013,high_dark_current,light_iv,-2.7,0.001,-0.000550025003488318
PD-013,high_dark_current,light_iv,-2.6,0.001,-0.000550024963881957
PD-013,high_dark_current,light_iv,-2.5,0.001,-0.0005500250008694424
PD-013,high_dark_current,light_iv,-2.4,0.001,-0.000550025038996724
PD-013,high_dark_current,light_iv,-2.3,0.001,-0.0005500250280557247
PD-013,high_dark_current,light_iv,-2.2,0.001,-0.000550025016808414
PD-013,high_dark_current,light_iv,-2.1,0.001,-0.0005500250029748435
PD-013,high_dark_current,light_iv,-2.0,0.001,-0.0005500249883540885
PD-013,high_dark_current,light_iv,-1.9,0.001,-0.0005500249885363105
PD-013,high_dark_current,light_iv,-1.8,0.001,-0.0005500250241754158
PD-013,high_dark_current,light_iv,-1.7,0.001,-0.000550025012888089
PD-013,high_dark_current,light_iv,-1.6,0.001,-0.0005500250171307105
PD-013,high_dark_current,light_iv,-1.5,0.001,-0.0005500249921902666
PD-013,high_dark_current,light_iv,-1.4,0.001,-0.0005500250063706678
PD-013,high_dark_current,light_iv,-1.3,0.001,-0.0005500250366322648
PD-013,high_dark_current,light_iv,-1.2,0.001,-0.0005500250088825494
PD-013,high_dark_current,light_iv,-1.1,0.001,-0.0005500250099265055
PD-013,high_dark_current,light_iv,-1.0,0.001,-0.0005500250018894959
PD-013,high_dark_current,light_iv,-0.9,0.001,-0.0005500250105234884
PD-013,high_dark_current,light_iv,-0.8,0.001,-0.0005500249991342935
PD-013,high_dark_current,light_iv,-0.7,0.001,-0.00055002499691779
PD-013,high_dark_current,light_iv,-0.6,0.001,-0.0005500249936751749
PD-013,high_dark_current,light_iv,-0.5,0.001,-0.0005500250014560591
PD-013,high_dark_current,light_iv,-0.4,0.001,-0.0005500250001629126
PD-013,high_dark_current,light_iv,-0.3,0.001,-0.000550025012919968
PD-013,high_dark_current,light_iv,-0.2,0.001,-0.0005500248503631261
PD-013,high_dark_current,light_iv,-0.1,0.001,-0.0005500230969082897
PD-013,high_dark_current,repeatability,-2.0,0.001,-0.0005500250055265345
PD-013,high_dark_current,repeatability,-2.0,0.001,-0.0005500250279267271
PD-013,high_dark_current,repeatability,-2.0,0.001,-0.0005500249894932925
PD-013,high_dark_current,repeatability,-2.0,0.001,-0.000550025053751168
PD-013,high_dark_current,repeatability,-2.0,0.001,-0.000550024990063544
PD-013,high_dark_current,repeatability,-2.0,0.001,-0.0005500250464767617
PD-013,high_dark_current,repeatability,-2.0,0.001,-0.000550024980704378
PD-013,high_dark_current,repeatability,-2.0,0.001,-0.0005500250370882356
PD-013,high_dark_current,repeatability,-2.0,0.001,-0.0005500249974535663
PD-013,high_dark_current,repeatability,-2.0,0.001,-0.0005500250279161548
PD-014,low_responsivity,dark_iv,-5.0,0.0,-8.343962091044925e-10
PD-014,low_responsivity,dark_iv,-4.9,0.0,-8.107510695659012e-10
PD-014,low_responsivity,dark_iv,-4.8,0.0,-8.206569392899727e-10
PD-014,low_responsivity,dark_iv,-4.7,0.0,-8.381467268400451e-10
PD-014,low_responsivity,dark_iv,-4.6,0.0,-8.276966171497567e-10
PD-014,low_responsivity,dark_iv,-4.5,0.0,-8.223109310543199e-10
PD-014,low_responsivity,dark_iv,-4.4,0.0,-8.370346800298702e-10
PD-014,low_responsivity,dark_iv,-4.3,0.0,-8.404494287018508e-10
PD-014,low_responsivity,dark_iv,-4.2,0.0,-8.12916641130628e-10
PD-014,low_responsivity,dark_iv,-4.1,0.0,-8.431908981517403e-10
PD-014,low_responsivity,dark_iv,-4.0,0.0,-7.925218429306335e-10
PD-014,low_responsivity,dark_iv,-3.9,0.0,-8.093443572798495e-10
PD-014,low_responsivity,dark_iv,-3.8,0.0,-8.218171361526799e-10
PD-014,low_responsivity,dark_iv,-3.7,0.0,-8.2504665182939e-10
PD-014,low_responsivity,dark_iv,-3.6,0.0,-8.248734556105121e-10
PD-014,low_responsivity,dark_iv,-3.5,0.0,-8.0497408989152e-10
PD-014,low_responsivity,dark_iv,-3.4,0.0,-8.052801990017211e-10
PD-014,low_responsivity,dark_iv,-3.3,0.0,-8.550837718512986e-10
PD-014,low_responsivity,dark_iv,-3.2,0.0,-8.333024066395166e-10
PD-014,low_responsivity,dark_iv,-3.1,0.0,-7.882632069655375e-10
PD-014,low_responsivity,dark_iv,-3.0,0.0,-8.047056424630072e-10
PD-014,low_responsivity,dark_iv,-2.9,0.0,-7.883459863062488e-10
PD-014,low_responsivity,dark_iv,-2.8,0.0,-7.954389870849259e-10
PD-014,low_responsivity,dark_iv,-2.7,0.0,-8.293036342638893e-10
PD-014,low_responsivity,dark_iv,-2.6,0.0,-8.320722769946541e-10
PD-014,low_responsivity,dark_iv,-2.5,0.0,-8.207378590175506e-10
PD-014,low_responsivity,dark_iv,-2.4,0.0,-8.028623966900775e-10
PD-014,low_responsivity,dark_iv,-2.3,0.0,-7.98984983228761e-10
PD-014,low_responsivity,dark_iv,-2.2,0.0,-7.727362216515544e-10
PD-014,low_responsivity,dark_iv,-2.1,0.0,-7.791183913576689e-10
PD-014,low_responsivity,dark_iv,-2.0,0.0,-8.44987913526345e-10
PD-014,low_responsivity,dark_iv,-1.9,0.0,-8.112189893766482e-10
PD-014,low_responsivity,dark_iv,-1.8,0.0,-8.026672397268942e-10
PD-014,low_responsivity,dark_iv,-1.7,0.0,-8.54915875650755e-10
PD-014,low_responsivity,dark_iv,-1.6,0.0,-7.930728021169377e-10
PD-014,low_responsivity,dark_iv,-1.5,0.0,-8.018455877503154e-10
PD-014,low_responsivity,dark_iv,-1.4,0.0,-8.068857564616874e-10
PD-014,low_responsivity,dark_iv,-1.3,0.0,-8.188556415478404e-10
PD-014,low_responsivity,dark_iv,-1.2,0.0,-8.287598716020792e-10
PD-014,low_responsivity,dark_iv,-1.1,0.0,-7.981784746155478e-10
PD-014,low_responsivity,dark_iv,-1.0,0.0,-8.124849375637246e-10
PD-014,low_responsivity,dark_iv,-0.9,0.0,-8.019605494836303e-10
PD-014,low_responsivity,dark_iv,-0.8,0.0,-7.935702654528818e-10
PD-014,low_responsivity,dark_iv,-0.7,0.0,-7.780755865959688e-10
PD-014,low_responsivity,dark_iv,-0.6,0.0,-8.031293249115609e-10
PD-014,low_responsivity,dark_iv,-0.5,0.0,-7.876472553507763e-10
PD-014,low_responsivity,dark_iv,-0.4,0.0,-8.092329151019381e-10
PD-014,low_responsivity,dark_iv,-0.3,0.0,-8.103445093475151e-10
PD-014,low_responsivity,dark_iv,-0.2,0.0,-7.963372445618394e-10
PD-014,low_responsivity,dark_iv,-0.1,0.0,-7.323543974293158e-10
PD-014,low_responsivity,light_iv,-5.0,0.001,-0.00020000084888995996
PD-014,low_responsivity,light_iv,-4.9,0.001,-0.0002000008308702247
PD-014,low_responsivity,light_iv,-4.8,0.001,-0.00020000082413010136
PD-014,low_responsivity,light_iv,-4.7,0.001,-0.00020000078553327635
PD-014,low_responsivity,light_iv,-4.6,0.001,-0.0002000008452768895
PD-014,low_responsivity,light_iv,-4.5,0.001,-0.00020000083190546981
PD-014,low_responsivity,light_iv,-4.4,0.001,-0.00020000083461888242
PD-014,low_responsivity,light_iv,-4.3,0.001,-0.00020000082731464632
PD-014,low_responsivity,light_iv,-4.2,0.001,-0.00020000079216767717
PD-014,low_responsivity,light_iv,-4.1,0.001,-0.00020000081781417734
PD-014,low_responsivity,light_iv,-4.0,0.001,-0.00020000081687400497
PD-014,low_responsivity,light_iv,-3.9,0.001,-0.00020000082578424213
PD-014,low_responsivity,light_iv,-3.8,0.001,-0.00020000083725534598
PD-014,low_responsivity,light_iv,-3.7,0.001,-0.00020000085343849127
PD-014,low_responsivity,light_iv,-3.6,0.001,-0.00020000085871684753
PD-014,low_responsivity,light_iv,-3.5,0.001,-0.00020000079643382976
PD-014,low_responsivity,light_iv,-3.4,0.001,-0.000200000840221508
PD-014,low_responsivity,light_iv,-3.3,0.001,-0.00020000080576132017
PD-014,low_responsivity,light_iv,-3.2,0.001,-0.00020000080937187669
PD-014,low_responsivity,light_iv,-3.1,0.001,-0.00020000083872574137
PD-014,low_responsivity,light_iv,-3.0,0.001,-0.00020000081669760593
PD-014,low_responsivity,light_iv,-2.9,0.001,-0.0002000008221778935
PD-014,low_responsivity,light_iv,-2.8,0.001,-0.00020000076590447773
PD-014,low_responsivity,light_iv,-2.7,0.001,-0.0002000008092715225
PD-014,low_responsivity,light_iv,-2.6,0.001,-0.00020000081810480638
PD-014,low_responsivity,light_iv,-2.5,0.001,-0.0002000007907803691
PD-014,low_responsivity,light_iv,-2.4,0.001,-0.00020000081656943542
PD-014,low_responsivity,light_iv,-2.3,0.001,-0.00020000080597641474
PD-014,low_responsivity,light_iv,-2.2,0.001,-0.0002000007930293955
PD-014,low_responsivity,light_iv,-2.1,0.001,-0.00020000082355961694
PD-014,low_responsivity,light_iv,-2.0,0.001,-0.0002000008080002534
PD-014,low_responsivity,light_iv,-1.9,0.001,-0.0002000008591326011
PD-014,low_responsivity,light_iv,-1.8,0.001,-0.0002000008271388295
PD-014,low_responsivity,light_iv,-1.7,0.001,-0.00020000080557745875
PD-014,low_responsivity,light_iv,-1.6,0.001,-0.00020000079006188146
PD-014,low_responsivity,light_iv,-1.5,0.001,-0.000200000802757624
PD-014,low_responsivity,light_iv,-1.4,0.001,-0.00020000078560981902
PD-014,low_responsivity,light_iv,-1.3,0.001,-0.00020000078725275586
PD-014,low_responsivity,light_iv,-1.2,0.001,-0.0002000008130071216
PD-014,low_responsivity,light_iv,-1.1,0.001,-0.0002000008224735076
PD-014,low_responsivity,light_iv,-1.0,0.001,-0.000200000771097086
PD-014,low_responsivity,light_iv,-0.9,0.001,-0.00020000077929466426
PD-014,low_responsivity,light_iv,-0.8,0.001,-0.0002000008081402747
PD-014,low_responsivity,light_iv,-0.7,0.001,-0.00020000083761636823
PD-014,low_responsivity,light_iv,-0.6,0.001,-0.00020000080512246719
PD-014,low_responsivity,light_iv,-0.5,0.001,-0.00020000080722081394
PD-014,low_responsivity,light_iv,-0.4,0.001,-0.00020000080601862544
PD-014,low_responsivity,light_iv,-0.3,0.001,-0.00020000080350476035
PD-014,low_responsivity,light_iv,-0.2,0.001,-0.0002000007723177838
PD-014,low_responsivity,light_iv,-0.1,0.001,-0.000200000782355689
PD-014,low_responsivity,repeatability,-2.0,0.001,-0.00020000084774244797
PD-014,low_responsivity,repeatability,-2.0,0.001,-0.00020000082268062359
PD-014,low_responsivity,repeatability,-2.0,0.001,-0.00020000082561644016
PD-014,low_responsivity,repeatability,-2.0,0.001,-0.0002000008242419052
PD-014,low_responsivity,repeatability,-2.0,0.001,-0.00020000082984024641
PD-014,low_responsivity,repeatability,-2.0,0.001,-0.0002000008275626086
PD-014,low_responsivity,repeatability,-2.0,0.001,-0.0002000008333360923
PD-014,low_responsivity,repeatability,-2.0,0.001,-0.00020000080464491413
PD-014,low_responsivity,repeatability,-2.0,0.001,-0.00020000080457668447
PD-014,low_responsivity,repeatability,-2.0,0.001,-0.00020000077285644798
PD-015,noisy,dark_iv,-5.0,0.0,-7.778700906682804e-10
PD-015,noisy,dark_iv,-4.9,0.0,-8.199642969850961e-10
PD-015,noisy,dark_iv,-4.8,0.0,-7.998126410285781e-10
PD-015,noisy,dark_iv,-4.7,0.0,-8.380832619715824e-10
PD-015,noisy,dark_iv,-4.6,0.0,-8.071301561715998e-10
PD-015,noisy,dark_iv,-4.5,0.0,-8.019858851515975e-10
PD-015,noisy,dark_iv,-4.4,0.0,-8.229475155395216e-10
PD-015,noisy,dark_iv,-4.3,0.0,-8.282944896816957e-10
PD-015,noisy,dark_iv,-4.2,0.0,-8.381533045790622e-10
PD-015,noisy,dark_iv,-4.1,0.0,-8.119881598462337e-10
PD-015,noisy,dark_iv,-4.0,0.0,-8.394087910486107e-10
PD-015,noisy,dark_iv,-3.9,0.0,-8.466485655621758e-10
PD-015,noisy,dark_iv,-3.8,0.0,-7.759166935543481e-10
PD-015,noisy,dark_iv,-3.7,0.0,-8.381738876533197e-10
PD-015,noisy,dark_iv,-3.6,0.0,-8.319670989472765e-10
PD-015,noisy,dark_iv,-3.5,0.0,-8.121218128069051e-10
PD-015,noisy,dark_iv,-3.4,0.0,-8.043141725597536e-10
PD-015,noisy,dark_iv,-3.3,0.0,-8.116327048780329e-10
PD-015,noisy,dark_iv,-3.2,0.0,-8.114324563390918e-10
PD-015,noisy,dark_iv,-3.1,0.0,-8.22677707997474e-10
PD-015,noisy,dark_iv,-3.0,0.0,-8.303887409345637e-10
PD-015,noisy,dark_iv,-2.9,0.0,-7.980214802068433e-10
PD-015,noisy,dark_iv,-2.8,0.0,-8.13666385608444e-10
PD-015,noisy,dark_iv,-2.7,0.0,-8.214182593934437e-10
PD-015,noisy,dark_iv,-2.6,0.0,-8.360138997243705e-10
PD-015,noisy,dark_iv,-2.5,0.0,-8.071698645273632e-10
PD-015,noisy,dark_iv,-2.4,0.0,-8.341663144319365e-10
PD-015,noisy,dark_iv,-2.3,0.0,-8.106410623200563e-10
PD-015,noisy,dark_iv,-2.2,0.0,-8.60137218777499e-10
PD-015,noisy,dark_iv,-2.1,0.0,-7.954460666288822e-10
PD-015,noisy,dark_iv,-2.0,0.0,-8.690551361827518e-10
PD-015,noisy,dark_iv,-1.9,0.0,-7.887660165552537e-10
PD-015,noisy,dark_iv,-1.8,0.0,-8.152240746012392e-10
PD-015,noisy,dark_iv,-1.7,0.0,-7.722007336748719e-10
PD-015,noisy,dark_iv,-1.6,0.0,-8.315775206486791e-10
PD-015,noisy,dark_iv,-1.5,0.0,-8.165303827500604e-10
PD-015,noisy,dark_iv,-1.4,0.0,-8.222074185855112e-10
PD-015,noisy,dark_iv,-1.3,0.0,-8.2908969009717e-10
PD-015,noisy,dark_iv,-1.2,0.0,-7.942109878491476e-10
PD-015,noisy,dark_iv,-1.1,0.0,-7.947028661899361e-10
PD-015,noisy,dark_iv,-1.0,0.0,-7.880349640779587e-10
PD-015,noisy,dark_iv,-0.9,0.0,-7.724738642210542e-10
PD-015,noisy,dark_iv,-0.8,0.0,-8.251459434016919e-10
PD-015,noisy,dark_iv,-0.7,0.0,-8.144349720352086e-10
PD-015,noisy,dark_iv,-0.6,0.0,-7.846565283137487e-10
PD-015,noisy,dark_iv,-0.5,0.0,-8.294557005786169e-10
PD-015,noisy,dark_iv,-0.4,0.0,-8.369611968176498e-10
PD-015,noisy,dark_iv,-0.3,0.0,-7.983669169817981e-10
PD-015,noisy,dark_iv,-0.2,0.0,-7.77195140483811e-10
PD-015,noisy,dark_iv,-0.1,0.0,-7.475485578689479e-10
PD-015,noisy,light_iv,-5.0,0.001,-0.0005272306666839134
PD-015,noisy,light_iv,-4.9,0.001,-0.0005265045435319651
PD-015,noisy,light_iv,-4.8,0.001,-0.0004887894594490623
PD-015,noisy,light_iv,-4.7,0.001,-0.0005447637869005439
PD-015,noisy,light_iv,-4.6,0.001,-0.0006110724150801268
PD-015,noisy,light_iv,-4.5,0.001,-0.0004911291644350448
PD-015,noisy,light_iv,-4.4,0.001,-0.00042401301858912855
PD-015,noisy,light_iv,-4.3,0.001,-0.0005876874385374128
PD-015,noisy,light_iv,-4.2,0.001,-0.0006625429059658615
PD-015,noisy,light_iv,-4.1,0.001,-0.000539530957451052
PD-015,noisy,light_iv,-4.0,0.001,-0.0005305610009319093
PD-015,noisy,light_iv,-3.9,0.001,-0.0006046560424384111
PD-015,noisy,light_iv,-3.8,0.001,-0.0004553885922622525
PD-015,noisy,light_iv,-3.7,0.001,-0.0005820690593999508
PD-015,noisy,light_iv,-3.6,0.001,-0.00050478910117207
PD-015,noisy,light_iv,-3.5,0.001,-0.0005869123497111987
PD-015,noisy,light_iv,-3.4,0.001,-0.00044363808843342296
PD-015,noisy,light_iv,-3.3,0.001,-0.0005362002631727759
PD-015,noisy,light_iv,-3.2,0.001,-0.000561023856665471
PD-015,noisy,light_iv,-3.1,0.001,-0.0005939577028143179
PD-015,noisy,light_iv,-3.0,0.001,-0.0005867391468519878
PD-015,noisy,light_iv,-2.9,0.001,-0.0004647808680958489
PD-015,noisy,light_iv,-2.8,0.001,-0.00057168641687211
PD-015,noisy,light_iv,-2.7,0.001,-0.0006035815616451217
PD-015,noisy,light_iv,-2.6,0.001,-0.0004997315393662689
PD-015,noisy,light_iv,-2.5,0.001,-0.000549978771374215
PD-015,noisy,light_iv,-2.4,0.001,-0.0005089993830659866
PD-015,noisy,light_iv,-2.3,0.001,-0.0005217705999109799
PD-015,noisy,light_iv,-2.2,0.001,-0.0005159379821480679
PD-015,noisy,light_iv,-2.1,0.001,-0.0004153900958743888
PD-015,noisy,light_iv,-2.0,0.001,-0.0005678503527222222
PD-015,noisy,light_iv,-1.9,0.001,-0.0006198661490104677
PD-015,noisy,light_iv,-1.8,0.001,-0.0004948971453925204
PD-015,noisy,light_iv,-1.7,0.001,-0.0004891621778999191
PD-015,noisy,light_iv,-1.6,0.001,-0.0005596069036505686
PD-015,noisy,light_iv,-1.5,0.001,-0.000560125267032744
PD-015,noisy,light_iv,-1.4,0.001,-0.0006054885491528295
PD-015,noisy,light_iv,-1.3,0.001,-0.0006413407131871375
PD-015,noisy,light_iv,-1.2,0.001,-0.0005828146859560374
PD-015,noisy,light_iv,-1.1,0.001,-0.0006127312065320965
PD-015,noisy,light_iv,-1.0,0.001,-0.0005316902182903965
PD-015,noisy,light_iv,-0.9,0.001,-0.00046268729962171176
PD-015,noisy,light_iv,-0.8,0.001,-0.000576001250583449
PD-015,noisy,light_iv,-0.7,0.001,-0.0005605472977200974
PD-015,noisy,light_iv,-0.6,0.001,-0.0005433194559202901
PD-015,noisy,light_iv,-0.5,0.001,-0.000686328956232981
PD-015,noisy,light_iv,-0.4,0.001,-0.0005702293031271135
PD-015,noisy,light_iv,-0.3,0.001,-0.0005535508519418903
PD-015,noisy,light_iv,-0.2,0.001,-0.0005521641459694159
PD-015,noisy,light_iv,-0.1,0.001,-0.0005413648656153596
PD-015,noisy,repeatability,-2.0,0.001,-0.0005470643956124018
PD-015,noisy,repeatability,-2.0,0.001,-0.0006085806154538512
PD-015,noisy,repeatability,-2.0,0.001,-0.0006111374059495373
PD-015,noisy,repeatability,-2.0,0.001,-0.0005310348124740496
PD-015,noisy,repeatability,-2.0,0.001,-0.0005045517220630184
PD-015,noisy,repeatability,-2.0,0.001,-0.0005881306269500677
PD-015,noisy,repeatability,-2.0,0.001,-0.0005751931587747616
PD-015,noisy,repeatability,-2.0,0.001,-0.0005758438436777773
PD-015,noisy,repeatability,-2.0,0.001,-0.000606416538596886
PD-015,noisy,repeatability,-2.0,0.001,-0.000531851669279824
PD-016,nonlinear,dark_iv,-5.0,0.0,-8.300501854245472e-10
PD-016,nonlinear,dark_iv,-4.9,0.0,-8.152338661051567e-10
PD-016,nonlinear,dark_iv,-4.8,0.0,-8.452179714779595e-10
PD-016,nonlinear,dark_iv,-4.7,0.0,-8.248595375510009e-10
PD-016,nonlinear,dark_iv,-4.6,0.0,-7.893092502539557e-10
PD-016,nonlinear,dark_iv,-4.5,0.0,-8.342982065764791e-10
PD-016,nonlinear,dark_iv,-4.4,0.0,-8.415696927988624e-10
PD-016,nonlinear,dark_iv,-4.3,0.0,-8.384076971603408e-10
PD-016,nonlinear,dark_iv,-4.2,0.0,-8.601885335572001e-10
PD-016,nonlinear,dark_iv,-4.1,0.0,-7.891585298181453e-10
PD-016,nonlinear,dark_iv,-4.0,0.0,-8.202367145770021e-10
PD-016,nonlinear,dark_iv,-3.9,0.0,-8.169101240906435e-10
PD-016,nonlinear,dark_iv,-3.8,0.0,-8.092941555825921e-10
PD-016,nonlinear,dark_iv,-3.7,0.0,-8.340633950398187e-10
PD-016,nonlinear,dark_iv,-3.6,0.0,-8.407716182018738e-10
PD-016,nonlinear,dark_iv,-3.5,0.0,-8.370939750506689e-10
PD-016,nonlinear,dark_iv,-3.4,0.0,-8.126231383257164e-10
PD-016,nonlinear,dark_iv,-3.3,0.0,-7.904096005189803e-10
PD-016,nonlinear,dark_iv,-3.2,0.0,-7.753895233161008e-10
PD-016,nonlinear,dark_iv,-3.1,0.0,-8.143316124545598e-10
PD-016,nonlinear,dark_iv,-3.0,0.0,-8.486341350135763e-10
PD-016,nonlinear,dark_iv,-2.9,0.0,-8.150066130138529e-10
PD-016,nonlinear,dark_iv,-2.8,0.0,-8.257054723665858e-10
PD-016,nonlinear,dark_iv,-2.7,0.0,-8.068637578873669e-10
PD-016,nonlinear,dark_iv,-2.6,0.0,-8.068701704565569e-10
PD-016,nonlinear,dark_iv,-2.5,0.0,-7.599422234286218e-10
PD-016,nonlinear,dark_iv,-2.4,0.0,-8.195478484848252e-10
PD-016,nonlinear,dark_iv,-2.3,0.0,-8.311812477450047e-10
PD-016,nonlinear,dark_iv,-2.2,0.0,-8.653872091891517e-10
PD-016,nonlinear,dark_iv,-2.1,0.0,-8.094122004110952e-10
PD-016,nonlinear,dark_iv,-2.0,0.0,-7.666085986205443e-10
PD-016,nonlinear,dark_iv,-1.9,0.0,-8.012943941354334e-10
PD-016,nonlinear,dark_iv,-1.8,0.0,-8.041984923419375e-10
PD-016,nonlinear,dark_iv,-1.7,0.0,-8.301833114411444e-10
PD-016,nonlinear,dark_iv,-1.6,0.0,-8.138499060711902e-10
PD-016,nonlinear,dark_iv,-1.5,0.0,-7.784617348914626e-10
PD-016,nonlinear,dark_iv,-1.4,0.0,-8.253571417518232e-10
PD-016,nonlinear,dark_iv,-1.3,0.0,-8.018020313753203e-10
PD-016,nonlinear,dark_iv,-1.2,0.0,-7.921188023501828e-10
PD-016,nonlinear,dark_iv,-1.1,0.0,-8.21708707294255e-10
PD-016,nonlinear,dark_iv,-1.0,0.0,-7.967153784405773e-10
PD-016,nonlinear,dark_iv,-0.9,0.0,-8.229644512040357e-10
PD-016,nonlinear,dark_iv,-0.8,0.0,-8.191346908305312e-10
PD-016,nonlinear,dark_iv,-0.7,0.0,-7.859722958665478e-10
PD-016,nonlinear,dark_iv,-0.6,0.0,-8.092505132173041e-10
PD-016,nonlinear,dark_iv,-0.5,0.0,-8.037727961040348e-10
PD-016,nonlinear,dark_iv,-0.4,0.0,-7.756727598206933e-10
PD-016,nonlinear,dark_iv,-0.3,0.0,-7.947196778514271e-10
PD-016,nonlinear,dark_iv,-0.2,0.0,-8.360458522631739e-10
PD-016,nonlinear,dark_iv,-0.1,0.0,-7.438904653168388e-10
PD-016,nonlinear,light_iv,-5.0,0.001,-0.00030250083029779377
PD-016,nonlinear,light_iv,-4.9,0.001,-0.000302500826766903
PD-016,nonlinear,light_iv,-4.8,0.001,-0.0003025008102799149
PD-016,nonlinear,light_iv,-4.7,0.001,-0.0003025008108223207
PD-016,nonlinear,light_iv,-4.6,0.001,-0.00030250083465815247
PD-016,nonlinear,light_iv,-4.5,0.001,-0.00030250079335057727
PD-016,nonlinear,light_iv,-4.4,0.001,-0.00030250083143607047
PD-016,nonlinear,light_iv,-4.3,0.001,-0.0003025008433050874
PD-016,nonlinear,light_iv,-4.2,0.001,-0.00030250082646494925
PD-016,nonlinear,light_iv,-4.1,0.001,-0.0003025007996738411
PD-016,nonlinear,light_iv,-4.0,0.001,-0.0003025007779788361
PD-016,nonlinear,light_iv,-3.9,0.001,-0.0003025008347964564
PD-016,nonlinear,light_iv,-3.8,0.001,-0.00030250081359869886
PD-016,nonlinear,light_iv,-3.7,0.001,-0.00030250079083070304
PD-016,nonlinear,light_iv,-3.6,0.001,-0.00030250079999491675
PD-016,nonlinear,light_iv,-3.5,0.001,-0.000302500824946409
PD-016,nonlinear,light_iv,-3.4,0.001,-0.00030250082728451724
PD-016,nonlinear,light_iv,-3.3,0.001,-0.00030250079302884185
PD-016,nonlinear,light_iv,-3.2,0.001,-0.0003025008275514329
PD-016,nonlinear,light_iv,-3.1,0.001,-0.000302500836926898
PD-016,nonlinear,light_iv,-3.0,0.001,-0.00030250078660395367
PD-016,nonlinear,light_iv,-2.9,0.001,-0.0003025008313152809
PD-016,nonlinear,light_iv,-2.8,0.001,-0.0003025008083486727
PD-016,nonlinear,light_iv,-2.7,0.001,-0.0003025008164806235
PD-016,nonlinear,light_iv,-2.6,0.001,-0.00030250083391608666
PD-016,nonlinear,light_iv,-2.5,0.001,-0.00030250078894237885
PD-016,nonlinear,light_iv,-2.4,0.001,-0.0003025008418196275
PD-016,nonlinear,light_iv,-2.3,0.001,-0.00030250079833383625
PD-016,nonlinear,light_iv,-2.2,0.001,-0.0003025008073410222
PD-016,nonlinear,light_iv,-2.1,0.001,-0.0003025007789510732
PD-016,nonlinear,light_iv,-2.0,0.001,-0.0003025008144430315
PD-016,nonlinear,light_iv,-1.9,0.001,-0.00030250082247243524
PD-016,nonlinear,light_iv,-1.8,0.001,-0.00030250085245201564
PD-016,nonlinear,light_iv,-1.7,0.001,-0.0003025008144350951
PD-016,nonlinear,light_iv,-1.6,0.001,-0.0003025008268199969
PD-016,nonlinear,light_iv,-1.5,0.001,-0.00030250082323659514
PD-016,nonlinear,light_iv,-1.4,0.001,-0.00030250078239564223
PD-016,nonlinear,light_iv,-1.3,0.001,-0.0003025008249854501
PD-016,nonlinear,light_iv,-1.2,0.001,-0.00030250078145297187
PD-016,nonlinear,light_iv,-1.1,0.001,-0.0003025007817416021
PD-016,nonlinear,light_iv,-1.0,0.001,-0.00030250078484004764
PD-016,nonlinear,light_iv,-0.9,0.001,-0.00030250079799087285
PD-016,nonlinear,light_iv,-0.8,0.001,-0.0003025008141576292
PD-016,nonlinear,light_iv,-0.7,0.001,-0.0003025008182396143
PD-016,nonlinear,light_iv,-0.6,0.001,-0.0003025008108849043
PD-016,nonlinear,light_iv,-0.5,0.001,-0.0003025008131430969
PD-016,nonlinear,light_iv,-0.4,0.001,-0.0003025008189374382
PD-016,nonlinear,light_iv,-0.3,0.001,-0.00030250082557405116
PD-016,nonlinear,light_iv,-0.2,0.001,-0.0003025008310426646
PD-016,nonlinear,light_iv,-0.1,0.001,-0.00030250071989042286
PD-016,nonlinear,repeatability,-2.0,0.001,-0.00030250080254438965
PD-016,nonlinear,repeatability,-2.0,0.001,-0.00030250076606220275
PD-016,nonlinear,repeatability,-2.0,0.001,-0.00030250079761387407
PD-016,nonlinear,repeatability,-2.0,0.001,-0.0003025007901645551
PD-016,nonlinear,repeatability,-2.0,0.001,-0.00030250077144589917
PD-016,nonlinear,repeatability,-2.0,0.001,-0.0003025007869801731
PD-016,nonlinear,repeatability,-2.0,0.001,-0.00030250078364506895
PD-016,nonlinear,repeatability,-2.0,0.001,-0.00030250080471792644
PD-016,nonlinear,repeatability,-2.0,0.001,-0.00030250082690217047
PD-016,nonlinear,repeatability,-2.0,0.001,-0.0003025008011528157
PD-017,open_circuit,dark_iv,-5.0,0.0,1.6009297193768598e-14
PD-017,open_circuit,dark_iv,-4.9,0.0,7.89145569790485e-15
PD-017,open_circuit,dark_iv,-4.8,0.0,1.5584928216509427e-14
PD-017,open_circuit,dark_iv,-4.7,0.0,1.176620010002359e-13
PD-017,open_circuit,dark_iv,-4.6,0.0,1.0797097946056261e-14
PD-017,open_circuit,dark_iv,-4.5,0.0,2.488213795755625e-14
PD-017,open_circuit,dark_iv,-4.4,0.0,-1.181459419354618e-13
PD-017,open_circuit,dark_iv,-4.3,0.0,1.2368388224191613e-13
PD-017,open_circuit,dark_iv,-4.2,0.0,3.182648014286275e-14
PD-017,open_circuit,dark_iv,-4.1,0.0,-4.17194837477617e-14
PD-017,open_circuit,dark_iv,-4.0,0.0,-1.276123417625112e-15
PD-017,open_circuit,dark_iv,-3.9,0.0,-1.5571527666426976e-13
PD-017,open_circuit,dark_iv,-3.8,0.0,-2.987153987242834e-14
PD-017,open_circuit,dark_iv,-3.7,0.0,-1.5571770671366518e-13
PD-017,open_circuit,dark_iv,-3.6,0.0,-5.117032017750631e-14
PD-017,open_circuit,dark_iv,-3.5,0.0,-4.327053316099334e-14
PD-017,open_circuit,dark_iv,-3.4,0.0,-8.798899681319737e-14
PD-017,open_circuit,dark_iv,-3.3,0.0,-6.52457985569831e-14
PD-017,open_circuit,dark_iv,-3.2,0.0,1.0546035972307877e-13
PD-017,open_circuit,dark_iv,-3.1,0.0,1.738269817170223e-13
PD-017,open_circuit,dark_iv,-3.0,0.0,6.255893882311729e-14
PD-017,open_circuit,dark_iv,-2.9,0.0,6.236067711916273e-14
PD-017,open_circuit,dark_iv,-2.8,0.0,-5.64084998382745e-16
PD-017,open_circuit,dark_iv,-2.7,0.0,9.051199046902003e-14
PD-017,open_circuit,dark_iv,-2.6,0.0,-1.839324961154803e-13
PD-017,open_circuit,dark_iv,-2.5,0.0,9.604421760782998e-14
PD-017,open_circuit,dark_iv,-2.4,0.0,1.963226357933215e-13
PD-017,open_circuit,dark_iv,-2.3,0.0,-1.4427160770911567e-13
PD-017,open_circuit,dark_iv,-2.2,0.0,-7.149172416533999e-16
PD-017,open_circuit,dark_iv,-2.1,0.0,1.6333584650765412e-13
PD-017,open_circuit,dark_iv,-2.0,0.0,1.6523968495615e-14
PD-017,open_circuit,dark_iv,-1.9,0.0,-6.05182681956206e-14
PD-017,open_circuit,dark_iv,-1.8,0.0,-8.22461804133432e-14
PD-017,open_circuit,dark_iv,-1.7,0.0,8.033264223188573e-14
PD-017,open_circuit,dark_iv,-1.6,0.0,8.066763430820336e-15
PD-017,open_circuit,dark_iv,-1.5,0.0,-6.147826900721884e-14
PD-017,open_circuit,dark_iv,-1.4,0.0,-5.099452190781693e-14
PD-017,open_circuit,dark_iv,-1.3,0.0,-1.1560244616925833e-13
PD-017,open_circuit,dark_iv,-1.2,0.0,-4.720222367774699e-14
PD-017,open_circuit,dark_iv,-1.1,0.0,3.440209402426055e-14
PD-017,open_circuit,dark_iv,-1.0,0.0,-2.8345757471626476e-14
PD-017,open_circuit,dark_iv,-0.9,0.0,-1.73366204404485e-13
PD-017,open_circuit,dark_iv,-0.8,0.0,8.338647255593276e-14
PD-017,open_circuit,dark_iv,-0.7,0.0,4.678826063833514e-14
PD-017,open_circuit,dark_iv,-0.6,0.0,1.8122069130255397e-13
PD-017,open_circuit,dark_iv,-0.5,0.0,4.7174832807740956e-14
PD-017,open_circuit,dark_iv,-0.4,0.0,1.1048877721185713e-13
PD-017,open_circuit,dark_iv,-0.3,0.0,-1.43183191225012e-14
PD-017,open_circuit,dark_iv,-0.2,0.0,5.971180037593748e-14
PD-017,open_circuit,dark_iv,-0.1,0.0,-5.253207524131287e-14
PD-017,open_circuit,light_iv,-5.0,0.001,5.403107964909455e-14
PD-017,open_circuit,light_iv,-4.9,0.001,-9.104019324740774e-14
PD-017,open_circuit,light_iv,-4.8,0.001,1.8849146528277822e-14
PD-017,open_circuit,light_iv,-4.7,0.001,-2.0999532302114764e-14
PD-017,open_circuit,light_iv,-4.6,0.001,1.7865426207275542e-13
PD-017,open_circuit,light_iv,-4.5,0.001,1.4608292866825278e-13
PD-017,open_circuit,light_iv,-4.4,0.001,-2.286502552901647e-17
PD-017,open_circuit,light_iv,-4.3,0.001,-5.0041620702209545e-14
PD-017,open_circuit,light_iv,-4.2,0.001,-1.1760548566289208e-13
PD-017,open_circuit,light_iv,-4.1,0.001,-6.374657680755597e-14
PD-017,open_circuit,light_iv,-4.0,0.001,5.842095572553487e-14
PD-017,open_circuit,light_iv,-3.9,0.001,3.2293422028745394e-13
PD-017,open_circuit,light_iv,-3.8,0.001,-6.706149279234232e-14
PD-017,open_circuit,light_iv,-3.7,0.001,-8.748248459776478e-14
PD-017,open_circuit,light_iv,-3.6,0.001,-1.333385570246504e-13
PD-017,open_circuit,light_iv,-3.5,0.001,1.0184553887759797e-13
PD-017,open_circuit,light_iv,-3.4,0.001,1.6324434733039773e-14
PD-017,open_circuit,light_iv,-3.3,0.001,1.972707672029496e-14
PD-017,open_circuit,light_iv,-3.2,0.001,8.516880415475142e-14
PD-017,open_circuit,light_iv,-3.1,0.001,1.1500893104411583e-13
PD-017,open_circuit,light_iv,-3.0,0.001,-2.369885062753846e-13
PD-017,open_circuit,light_iv,-2.9,0.001,1.4940959313217452e-13
PD-017,open_circuit,light_iv,-2.8,0.001,1.2070776084195511e-14
PD-017,open_circuit,light_iv,-2.7,0.001,-8.561277413990902e-14
PD-017,open_circuit,light_iv,-2.6,0.001,1.1665844035805443e-13
PD-017,open_circuit,light_iv,-2.5,0.001,-2.919976140105425e-14
PD-017,open_circuit,light_iv,-2.4,0.001,1.783545259690403e-13
PD-017,open_circuit,light_iv,-2.3,0.001,-1.3025662309474275e-13
PD-017,open_circuit,light_iv,-2.2,0.001,-7.623199305950747e-14
PD-017,open_circuit,light_iv,-2.1,0.001,3.880379492983265e-14
PD-017,open_circuit,light_iv,-2.0,0.001,5.4400085972083573e-14
PD-017,open_circuit,light_iv,-1.9,0.001,-2.7322950424220793e-14
PD-017,open_circuit,light_iv,-1.8,0.001,-1.045131301779143e-13
PD-017,open_circuit,light_iv,-1.7,0.001,7.863086624829072e-14
PD-017,open_circuit,light_iv,-1.6,0.001,1.3913081123440505e-13
PD-017,open_circuit,light_iv,-1.5,0.001,-3.1049657207906686e-13
PD-017,open_circuit,light_iv,-1.4,0.001,-3.587190448779845e-14
PD-017,open_circuit,light_iv,-1.3,0.001,1.1075070107203411e-13
PD-017,open_circuit,light_iv,-1.2,0.001,4.5918082156296115e-14
PD-017,open_circuit,light_iv,-1.1,0.001,1.0504569628960291e-13
PD-017,open_circuit,light_iv,-1.0,0.001,-1.652050146815102e-14
PD-017,open_circuit,light_iv,-0.9,0.001,-1.2901050927801144e-14
PD-017,open_circuit,light_iv,-0.8,0.001,-7.596064298356599e-14
PD-017,open_circuit,light_iv,-0.7,0.001,1.7464676432032242e-14
PD-017,open_circuit,light_iv,-0.6,0.001,-1.147290987148713e-13
PD-017,open_circuit,light_iv,-0.5,0.001,-2.845020910534827e-14
PD-017,open_circuit,light_iv,-0.4,0.001,-2.3534177077780757e-13
PD-017,open_circuit,light_iv,-0.3,0.001,4.094819963136584e-15
PD-017,open_circuit,light_iv,-0.2,0.001,-6.609316879777325e-14
PD-017,open_circuit,light_iv,-0.1,0.001,5.5693285900226345e-14
PD-017,open_circuit,repeatability,-2.0,0.001,-4.0071577679325006e-14
PD-017,open_circuit,repeatability,-2.0,0.001,-2.3466094150970953e-14
PD-017,open_circuit,repeatability,-2.0,0.001,1.88104149439131e-14
PD-017,open_circuit,repeatability,-2.0,0.001,-1.2769896400008177e-13
PD-017,open_circuit,repeatability,-2.0,0.001,-5.091843466022233e-14
PD-017,open_circuit,repeatability,-2.0,0.001,-7.443238053635478e-14
PD-017,open_circuit,repeatability,-2.0,0.001,7.497137975667681e-14
PD-017,open_circuit,repeatability,-2.0,0.001,1.0817976814294284e-14
PD-017,open_circuit,repeatability,-2.0,0.001,-1.0708681806500517e-13
PD-017,open_circuit,repeatability,-2.0,0.001,1.4219559283834932e-13
PD-018,short_circuit,dark_iv,-5.0,0.0,-0.001
PD-018,short_circuit,dark_iv,-4.9,0.0,-0.001
PD-018,short_circuit,dark_iv,-4.8,0.0,-0.001
PD-018,short_circuit,dark_iv,-4.7,0.0,-0.001
PD-018,short_circuit,dark_iv,-4.6,0.0,-0.001
PD-018,short_circuit,dark_iv,-4.5,0.0,-0.001
PD-018,short_circuit,dark_iv,-4.4,0.0,-0.001
PD-018,short_circuit,dark_iv,-4.3,0.0,-0.001
PD-018,short_circuit,dark_iv,-4.2,0.0,-0.001
PD-018,short_circuit,dark_iv,-4.1,0.0,-0.001
PD-018,short_circuit,dark_iv,-4.0,0.0,-0.001
PD-018,short_circuit,dark_iv,-3.9,0.0,-0.001
PD-018,short_circuit,dark_iv,-3.8,0.0,-0.001
PD-018,short_circuit,dark_iv,-3.7,0.0,-0.001
PD-018,short_circuit,dark_iv,-3.6,0.0,-0.001
PD-018,short_circuit,dark_iv,-3.5,0.0,-0.001
PD-018,short_circuit,dark_iv,-3.4,0.0,-0.001
PD-018,short_circuit,dark_iv,-3.3,0.0,-0.001
PD-018,short_circuit,dark_iv,-3.2,0.0,-0.001
PD-018,short_circuit,dark_iv,-3.1,0.0,-0.001
PD-018,short_circuit,dark_iv,-3.0,0.0,-0.001
PD-018,short_circuit,dark_iv,-2.9,0.0,-0.001
PD-018,short_circuit,dark_iv,-2.8,0.0,-0.001
PD-018,short_circuit,dark_iv,-2.7,0.0,-0.001
PD-018,short_circuit,dark_iv,-2.6,0.0,-0.001
PD-018,short_circuit,dark_iv,-2.5,0.0,-0.001
PD-018,short_circuit,dark_iv,-2.4,0.0,-0.001
PD-018,short_circuit,dark_iv,-2.3,0.0,-0.001
PD-018,short_circuit,dark_iv,-2.2,0.0,-0.001
PD-018,short_circuit,dark_iv,-2.1,0.0,-0.001
PD-018,short_circuit,dark_iv,-2.0,0.0,-0.001
PD-018,short_circuit,dark_iv,-1.9,0.0,-0.001
PD-018,short_circuit,dark_iv,-1.8,0.0,-0.001
PD-018,short_circuit,dark_iv,-1.7,0.0,-0.001
PD-018,short_circuit,dark_iv,-1.6,0.0,-0.001
PD-018,short_circuit,dark_iv,-1.5,0.0,-0.001
PD-018,short_circuit,dark_iv,-1.4,0.0,-0.001
PD-018,short_circuit,dark_iv,-1.3,0.0,-0.001
PD-018,short_circuit,dark_iv,-1.2,0.0,-0.001
PD-018,short_circuit,dark_iv,-1.1,0.0,-0.001
PD-018,short_circuit,dark_iv,-1.0,0.0,-0.001
PD-018,short_circuit,dark_iv,-0.9,0.0,-0.001
PD-018,short_circuit,dark_iv,-0.8,0.0,-0.001
PD-018,short_circuit,dark_iv,-0.7,0.0,-0.001
PD-018,short_circuit,dark_iv,-0.6,0.0,-0.001
PD-018,short_circuit,dark_iv,-0.5,0.0,-0.001
PD-018,short_circuit,dark_iv,-0.4,0.0,-0.001
PD-018,short_circuit,dark_iv,-0.3,0.0,-0.001
PD-018,short_circuit,dark_iv,-0.2,0.0,-0.001
PD-018,short_circuit,dark_iv,-0.1,0.0,-0.001
PD-018,short_circuit,light_iv,-5.0,0.001,-0.001
PD-018,short_circuit,light_iv,-4.9,0.001,-0.001
PD-018,short_circuit,light_iv,-4.8,0.001,-0.001
PD-018,short_circuit,light_iv,-4.7,0.001,-0.001
PD-018,short_circuit,light_iv,-4.6,0.001,-0.001
PD-018,short_circuit,light_iv,-4.5,0.001,-0.001
PD-018,short_circuit,light_iv,-4.4,0.001,-0.001
PD-018,short_circuit,light_iv,-4.3,0.001,-0.001
PD-018,short_circuit,light_iv,-4.2,0.001,-0.001
PD-018,short_circuit,light_iv,-4.1,0.001,-0.001
PD-018,short_circuit,light_iv,-4.0,0.001,-0.001
PD-018,short_circuit,light_iv,-3.9,0.001,-0.001
PD-018,short_circuit,light_iv,-3.8,0.001,-0.001
PD-018,short_circuit,light_iv,-3.7,0.001,-0.001
PD-018,short_circuit,light_iv,-3.6,0.001,-0.001
PD-018,short_circuit,light_iv,-3.5,0.001,-0.001
PD-018,short_circuit,light_iv,-3.4,0.001,-0.001
PD-018,short_circuit,light_iv,-3.3,0.001,-0.001
PD-018,short_circuit,light_iv,-3.2,0.001,-0.001
PD-018,short_circuit,light_iv,-3.1,0.001,-0.001
PD-018,short_circuit,light_iv,-3.0,0.001,-0.001
PD-018,short_circuit,light_iv,-2.9,0.001,-0.001
PD-018,short_circuit,light_iv,-2.8,0.001,-0.001
PD-018,short_circuit,light_iv,-2.7,0.001,-0.001
PD-018,short_circuit,light_iv,-2.6,0.001,-0.001
PD-018,short_circuit,light_iv,-2.5,0.001,-0.001
PD-018,short_circuit,light_iv,-2.4,0.001,-0.001
PD-018,short_circuit,light_iv,-2.3,0.001,-0.001
PD-018,short_circuit,light_iv,-2.2,0.001,-0.001
PD-018,short_circuit,light_iv,-2.1,0.001,-0.001
PD-018,short_circuit,light_iv,-2.0,0.001,-0.001
PD-018,short_circuit,light_iv,-1.9,0.001,-0.001
PD-018,short_circuit,light_iv,-1.8,0.001,-0.001
PD-018,short_circuit,light_iv,-1.7,0.001,-0.001
PD-018,short_circuit,light_iv,-1.6,0.001,-0.001
PD-018,short_circuit,light_iv,-1.5,0.001,-0.001
PD-018,short_circuit,light_iv,-1.4,0.001,-0.001
PD-018,short_circuit,light_iv,-1.3,0.001,-0.001
PD-018,short_circuit,light_iv,-1.2,0.001,-0.001
PD-018,short_circuit,light_iv,-1.1,0.001,-0.001
PD-018,short_circuit,light_iv,-1.0,0.001,-0.001
PD-018,short_circuit,light_iv,-0.9,0.001,-0.001
PD-018,short_circuit,light_iv,-0.8,0.001,-0.001
PD-018,short_circuit,light_iv,-0.7,0.001,-0.001
PD-018,short_circuit,light_iv,-0.6,0.001,-0.001
PD-018,short_circuit,light_iv,-0.5,0.001,-0.001
PD-018,short_circuit,light_iv,-0.4,0.001,-0.001
PD-018,short_circuit,light_iv,-0.3,0.001,-0.001
PD-018,short_circuit,light_iv,-0.2,0.001,-0.001
PD-018,short_circuit,light_iv,-0.1,0.001,-0.001
PD-018,short_circuit,repeatability,-2.0,0.001,-0.001
PD-018,short_circuit,repeatability,-2.0,0.001,-0.001
PD-018,short_circuit,repeatability,-2.0,0.001,-0.001
PD-018,short_circuit,repeatability,-2.0,0.001,-0.001
PD-018,short_circuit,repeatability,-2.0,0.001,-0.001
PD-018,short_circuit,repeatability,-2.0,0.001,-0.001
PD-018,short_circuit,repeatability,-2.0,0.001,-0.001
PD-018,short_circuit,repeatability,-2.0,0.001,-0.001
PD-018,short_circuit,repeatability,-2.0,0.001,-0.001
PD-018,short_circuit,repeatability,-2.0,0.001,-0.001
PD-020,normal,dark_iv,-5.0,0.0,-8.491546529836615e-10
PD-020,normal,dark_iv,-4.9,0.0,-8.02564443873831e-10
PD-020,normal,dark_iv,-4.8,0.0,-8.297038471288313e-10
PD-020,normal,dark_iv,-4.7,0.0,-8.332303829872756e-10
PD-020,normal,dark_iv,-4.6,0.0,-8.213622385566591e-10
PD-020,normal,dark_iv,-4.5,0.0,-8.034771958300563e-10
PD-020,normal,dark_iv,-4.4,0.0,-8.122089584651191e-10
PD-020,normal,dark_iv,-4.3,0.0,-8.432018611048445e-10
PD-020,normal,dark_iv,-4.2,0.0,-8.309442221604468e-10
PD-020,normal,dark_iv,-4.1,0.0,-7.959870538401274e-10
PD-020,normal,dark_iv,-4.0,0.0,-8.396232620300054e-10
PD-020,normal,dark_iv,-3.9,0.0,-8.091550134606081e-10
PD-020,normal,dark_iv,-3.8,0.0,-7.954540154097451e-10
PD-020,normal,dark_iv,-3.7,0.0,-8.194532383823594e-10
PD-020,normal,dark_iv,-3.6,0.0,-8.393180591978903e-10
PD-020,normal,dark_iv,-3.5,0.0,-8.578269063164041e-10
PD-020,normal,dark_iv,-3.4,0.0,-8.191848207561346e-10
PD-020,normal,dark_iv,-3.3,0.0,-8.228897553737185e-10
PD-020,normal,dark_iv,-3.2,0.0,-8.076309662893157e-10
PD-020,normal,dark_iv,-3.1,0.0,-7.958714045141639e-10
PD-020,normal,dark_iv,-3.0,0.0,-8.041151596266182e-10
PD-020,normal,dark_iv,-2.9,0.0,-7.88234913973761e-10
PD-020,normal,dark_iv,-2.8,0.0,-8.251950689249502e-10
PD-020,normal,dark_iv,-2.7,0.0,-8.129874136750617e-10
PD-020,normal,dark_iv,-2.6,0.0,-7.893973904823065e-10
PD-020,normal,dark_iv,-2.5,0.0,-8.111714205539238e-10
PD-020,normal,dark_iv,-2.4,0.0,-8.485745836706354e-10
PD-020,normal,dark_iv,-2.3,0.0,-8.218822548509833e-10
PD-020,normal,dark_iv,-2.2,0.0,-8.211292235648718e-10
PD-020,normal,dark_iv,-2.1,0.0,-8.386270878699179e-10
PD-020,normal,dark_iv,-2.0,0.0,-8.107221367090342e-10
PD-020,normal,dark_iv,-1.9,0.0,-8.229508277331926e-10
PD-020,normal,dark_iv,-1.8,0.0,-8.365288000398035e-10
PD-020,normal,dark_iv,-1.7,0.0,-7.97526604087937e-10
PD-020,normal,dark_iv,-1.6,0.0,-8.116822774810354e-10
PD-020,normal,dark_iv,-1.5,0.0,-8.094424425516335e-10
PD-020,normal,dark_iv,-1.4,0.0,-8.080978280620371e-10
PD-020,normal,dark_iv,-1.3,0.0,-7.822229184690658e-10
PD-020,normal,dark_iv,-1.2,0.0,-8.019526091646149e-10
PD-020,normal,dark_iv,-1.1,0.0,-8.198954521908317e-10
PD-020,normal,dark_iv,-1.0,0.0,-8.37722403574447e-10
PD-020,normal,dark_iv,-0.9,0.0,-7.904061833231997e-10
PD-020,normal,dark_iv,-0.8,0.0,-8.56896299257772e-10
PD-020,normal,dark_iv,-0.7,0.0,-7.997569298069235e-10
PD-020,normal,dark_iv,-0.6,0.0,-7.820547299382561e-10
PD-020,normal,dark_iv,-0.5,0.0,-7.365931522240208e-10
PD-020,normal,dark_iv,-0.4,0.0,-7.892666663004482e-10
PD-020,normal,dark_iv,-0.3,0.0,-8.000138856672792e-10
PD-020,normal,dark_iv,-0.2,0.0,-7.794943716137523e-10
PD-020,normal,dark_iv,-0.1,0.0,-7.204031166026985e-10
PD-020,normal,light_iv,-5.0,0.001,-0.0005500008207687888
PD-020,normal,light_iv,-4.9,0.001,-0.0005500008152733672
PD-020,normal,light_iv,-4.8,0.001,-0.0005500008174825546
PD-020,normal,light_iv,-4.7,0.001,-0.0005500008277900674
PD-020,normal,light_iv,-4.6,0.001,-0.0005500008139252136
PD-020,normal,light_iv,-4.5,0.001,-0.0005500008067372598
PD-020,normal,light_iv,-4.4,0.001,-0.0005500008159329208
PD-020,normal,light_iv,-4.3,0.001,-0.0005500007775401905
PD-020,normal,light_iv,-4.2,0.001,-0.0005500008095105393
PD-020,normal,light_iv,-4.1,0.001,-0.0005500008235149732
PD-020,normal,light_iv,-4.0,0.001,-0.0005500008319291824
PD-020,normal,light_iv,-3.9,0.001,-0.0005500007845358063
PD-020,normal,light_iv,-3.8,0.001,-0.000550000835930899
PD-020,normal,light_iv,-3.7,0.001,-0.0005500008202922744
PD-020,normal,light_iv,-3.6,0.001,-0.0005500008061548739
PD-020,normal,light_iv,-3.5,0.001,-0.0005500008486729682
PD-020,normal,light_iv,-3.4,0.001,-0.0005500008147758748
PD-020,normal,light_iv,-3.3,0.001,-0.0005500008133915031
PD-020,normal,light_iv,-3.2,0.001,-0.0005500007903897846
PD-020,normal,light_iv,-3.1,0.001,-0.0005500008180035326
PD-020,normal,light_iv,-3.0,0.001,-0.0005500008249907927
PD-020,normal,light_iv,-2.9,0.001,-0.0005500008096207469
PD-020,normal,light_iv,-2.8,0.001,-0.0005500008454161015
PD-020,normal,light_iv,-2.7,0.001,-0.0005500008485506225
PD-020,normal,light_iv,-2.6,0.001,-0.0005500007784741584
PD-020,normal,light_iv,-2.5,0.001,-0.0005500008377545258
PD-020,normal,light_iv,-2.4,0.001,-0.0005500008371637787
PD-020,normal,light_iv,-2.3,0.001,-0.000550000809608657
PD-020,normal,light_iv,-2.2,0.001,-0.0005500008055080695
PD-020,normal,light_iv,-2.1,0.001,-0.000550000806225578
PD-020,normal,light_iv,-2.0,0.001,-0.0005500008081326445
PD-020,normal,light_iv,-1.9,0.001,-0.0005500008251203362
PD-020,normal,light_iv,-1.8,0.001,-0.0005500007994796219
PD-020,normal,light_iv,-1.7,0.001,-0.0005500008124971634
PD-020,normal,light_iv,-1.6,0.001,-0.0005500007930305363
PD-020,normal,light_iv,-1.5,0.001,-0.0005500008247870644
PD-020,normal,light_iv,-1.4,0.001,-0.0005500008085918734
PD-020,normal,light_iv,-1.3,0.001,-0.0005500007772674636
PD-020,normal,light_iv,-1.2,0.001,-0.0005500008063430304
PD-020,normal,light_iv,-1.1,0.001,-0.0005500007877319296
PD-020,normal,light_iv,-1.0,0.001,-0.0005500007998838274
PD-020,normal,light_iv,-0.9,0.001,-0.0005500007988217248
PD-020,normal,light_iv,-0.8,0.001,-0.0005500007766243702
PD-020,normal,light_iv,-0.7,0.001,-0.0005500008249924998
PD-020,normal,light_iv,-0.6,0.001,-0.0005500007989017464
PD-020,normal,light_iv,-0.5,0.001,-0.0005500007999986422
PD-020,normal,light_iv,-0.4,0.001,-0.0005500008013258137
PD-020,normal,light_iv,-0.3,0.001,-0.0005500007833430313
PD-020,normal,light_iv,-0.2,0.001,-0.0005500007838885058
PD-020,normal,light_iv,-0.1,0.001,-0.000550000761928185
PD-020,normal,repeatability,-2.0,0.001,-0.0005500008087710958
PD-020,normal,repeatability,-2.0,0.001,-0.0005500008172614969
PD-020,normal,repeatability,-2.0,0.001,-0.0005500008231122368
PD-020,normal,repeatability,-2.0,0.001,-0.0005500007913344213
PD-020,normal,repeatability,-2.0,0.001,-0.0005500008245492963
PD-020,normal,repeatability,-2.0,0.001,-0.0005500008022361194
PD-020,normal,repeatability,-2.0,0.001,-0.0005500008097930211
PD-020,normal,repeatability,-2.0,0.001,-0.0005500007766843911
PD-020,normal,repeatability,-2.0,0.001,-0.0005500008154070644
PD-020,normal,repeatability,-2.0,0.001,-0.000550000793131409
